0.530307048,3.574,436,10.231
0.528876666,3.553,433.5,10.3249
0.528457433,3.544,433,10.4598
0.527927357,3.514,433.5,10.5009
0.531716914,3.525,429,10.4716
0.528178313,3.485,432,10.4422
0.525265259,3.456,434,10.0902
0.521349252,3.454,439.1,10.1372
0.520969002,3.452,440,10.1489
0.523889355,3.471,438,9.96118
0.521975154,3.471,440.5,10.1313
0.523067266,3.449,437.5,10.0609
0.524603924,3.442,442.5,10.1196
0.524906829,3.423,436,10.0902
0.52443885,3.398,436.9,10.055
0.523999162,3.393,439,9.97291
0.527648797,3.396,435.5,10.0198
0.528597103,3.381,433.5,9.94358
0.525845296,3.402,435.1,9.62093
0.525292851,3.389,435.8,9.61506
0.529016558,3.425,435.3,9.72653
0.530194581,3.418,431.6,9.60333
0.531180283,3.369,431.8,9.66786
0.534045394,3.323,432.9,9.42147
0.536595836,3.328,427.2,9.42147
0.540862134,3.304,425.7,9.45667
0.544276928,3.312,424.9,9.4684
0.545345476,3.307,424,9.5388
0.543537341,3.286,426.8,9.57987
0.544573327,3.303,426.1,9.73239
0.547225566,3.37,422.9,9.75586
0.54635852,3.353,422.6,9.69133
0.547225566,3.299,423.7,9.74999
0.545940929,3.29,424.8,9.60333
0.549359996,3.312,423.2,9.65026
0.547915183,3.319,425.8,9.97291
0.548395942,3.333,423.8,10.1196
0.550145789,3.28,422.6,10.4774
0.552120141,3.247,420.8,10.3836
0.550842789,3.219,427.3,10.5713
0.550903482,3.221,427.8,10.5713
0.548095369,3.214,431.5,10.4716
0.544959128,3.163,424.6,10.3836
0.54836587,3.123,428.8,10.3836
0.549118665,3.127,429,10.3953
0.552181115,3.136,432.4,10.5596
0.553464689,3.171,434.6,10.7297
0.553464689,3.195,432.2,10.8177
0.548726953,3.271,433.9,10.9937
0.54866674,3.315,441,11.0582
0.546089996,3.282,443.1,11.0289
0.548095369,3.295,443.8,11.0523
0.546687076,3.214,444.3,10.9702
0.548998079,3.143,443.5,10.9174
0.550782111,3.153,446.9,10.7942
0.548245614,3.127,445.5,10.6182
0.546657191,3.114,445.3,10.5126
0.551207144,3.151,440.8,10.4422
0.553280956,3.185,442.5,10.5009
0.558222619,3.135,440.6,10.4892
0.565450947,3.15,433,10.5009
0.568666477,3.173,433,10.5889
0.56924916,3.216,428.3,10.5596
0.570190444,3.218,428.9,10.5772
0.573230152,3.171,428.7,10.5009
0.575175429,3.182,428.4,10.4422
0.568828214,3.216,431.3,10.5009
0.562239964,3.228,432.3,10.6652
0.566861289,3.25,429.3,10.7238
0.569443654,3.279,424.9,10.8235
0.570939195,3.282,426.8,10.8705
0.571820677,3.26,426.3,10.8529
0.574646592,3.285,425.4,10.8059
0.575175429,3.292,428.5,10.8529
0.570939195,3.283,431.1,10.9115
0.574613572,3.239,430.3,10.9702
0.572540937,3.218,431.3,10.8822
0.575572695,3.236,428.8,10.7414
0.573295878,3.218,430.9,10.7473
0.56957339,3.229,433.6,10.9115
0.569119572,3.235,435.3,10.8881
0.56567485,3.29,437.5,10.7942
0.564429644,3.323,437.8,10.7238
0.562429696,3.325,442.4,10.7825
0.561639989,3.332,443.1,11.3163
0.562176748,3.364,442.8,11.4865
0.560318261,3.366,440.5,11.5686
0.559440559,3.371,440.7,11.5744
0.556947925,3.344,443,11.7211
0.551724138,3.343,451.6,12.6245
0.551237528,3.291,451.8,12.5541
0.551785025,3.279,448.2,12.296
0.552242103,3.253,451.8,12.2902
0.553648544,3.237,445.8,12.1728
0.557103064,3.199,445.3,12.2902
0.557103064,3.195,441.8,12.6421
0.555401277,3.186,443.5,12.7947
0.555277917,3.177,445.1,12.8651
0.55533959,3.17,443,12.6069
0.55463117,3.141,443.8,12.7419
0.555617291,3.149,443.1,12.7301
0.556885894,3.145,442.4,12.2315
0.559847721,3.154,436.8,12.4544
0.554508151,3.107,440.5,12.2315
0.545018531,3.072,448.1,12.4075
0.542829226,3.055,444.2,12.3488
0.54206418,3.047,445.5,12.5131
0.542829226,3.075,450.3,12.6539
0.544484373,3.09,450.8,13.0117
0.544751321,3.071,452.5,12.9355
0.54365554,3.052,454.9,13.1701
0.549692172,3.109,455,13.0587
0.548696845,3.102,451.9,12.9061
0.548215558,3.087,455.8,12.4955
0.553648544,3.109,461.4,12.3488
0.553066755,3.134,465.5,12.5659
0.554815801,3.095,470.6,12.2608
0.556018905,3.081,469.9,12.7008
0.552547243,3.028,478.5,12.7008
0.558253782,3.019,472,12.6011
0.563158191,3.055,469.6,12.6715
0.562113547,3.118,472.6,12.9941
0.565995019,3.13,469.1,13.0587
0.565482922,3.132,475,13.1115
0.567665758,3.145,478.3,13.393
0.566925563,3.145,475,13.4048
0.569833039,3.185,472,13.3754
0.568569479,3.187,472.2,13.3637
0.567472478,3.173,470.8,13.2229
0.561987187,3.183,479.9,13.0352
0.568052715,3.177,475.1,12.8181
0.569378808,3.161,481.3,12.7771
0.572672088,3.182,481.7,12.9648
0.570385581,3.217,477.3,13.1173
0.56924916,3.274,477.7,12.8475
0.565418975,3.288,469.8,12.7712
0.570060426,3.29,479.8,12.9589
0.571004397,3.289,477.8,12.8357
0.566540139,3.26,470.5,12.5483
0.563824989,3.289,467,12.472
0.565387007,3.24,473.1,12.1963
0.565195275,3.239,470.9,12.12
0.560318261,3.307,478.8,12.4016
0.563316809,3.368,476.9,12.296
0.560821042,3.394,479.5,12.5013
0.563983983,3.4,473.7,12.3254
0.564844103,3.389,471.8,12.4955
0.566540139,3.403,464.6,12.7888
0.562936276,3.447,468.9,12.8475
0.564844103,3.465,466.9,13.1349
0.571265353,3.49,462.8,13.4341
0.573295878,3.496,465.3,13.4106
0.573558933,3.474,466.8,13.3344
0.573624735,3.508,473.3,13.1173
0.574382539,3.521,472.1,13.0939
0.574118728,3.511,474.6,13.1701
0.575274694,3.526,473.8,13.305
0.576402098,3.508,474.1,13.2464
0.582580833,3.459,485.2,13.8213
0.581598232,3.437,492.8,13.7568
0.582309439,3.515,491.9,14.2554
0.582139946,3.498,497.6,14.1791
0.580855019,3.482,500.9,14.1381
0.580147357,3.493,498.3,14.2261
0.58045043,3.433,499.7,14.4021
0.583294447,3.415,496.3,14.5487
0.577834277,3.424,505.4,14.801
0.58163206,3.435,505.8,14.7071
0.578034682,3.443,498.7,14.7012
0.577834277,3.41,509.8,14.7364
0.576834333,3.401,503.6,14.754
0.574250603,3.419,507.6,14.7658
0.574151691,3.382,517.5,14.8714
0.576236026,3.391,521.7,14.9124
0.570548297,3.374,527.5,14.8772
0.569735643,3.409,533.5,15.0708
0.563285079,3.421,534.4,15.1823
0.565195275,3.407,525.5,15.194
0.564111243,3.364,512.8,15.1354
0.566411781,3.365,509.4,15.106
0.56423856,3.35,509.4,15.0532
0.567601317,3.336,510.2,15.5284
0.57032052,3.345,498.6,15.7572
0.573690551,3.379,501.4,15.722
0.575373993,3.367,510.1,15.6692
0.576501787,3.339,509.3,15.7924
0.576834333,3.331,505.3,15.7513
0.578871201,3.327,514.2,15.7337
0.582580833,3.312,523,15.7807
0.580080051,3.32,523.3,15.6047
0.580922505,3.299,523.5,15.2644
0.58034937,3.335,517.6,15.4228
0.573065903,3.335,540.3,15.6281
0.568698817,3.291,541,15.6457
0.56999544,3.283,531.5,15.3466
0.564971751,3.264,546.6,15.3172
0.566668556,3.255,555.9,15.3114
0.566443865,3.279,549.8,15.3114
0.566925563,3.298,554.3,15.5988
0.568278684,3.28,553.9,15.8393
0.563189908,3.266,557.1,15.634
0.565387007,3.272,569.3,15.4287
0.565706851,3.261,561.4,15.0063
0.56724715,3.268,550,15.0767
0.568375583,3.335,565,15.329
0.564716512,3.353,560.8,14.9007
0.559503161,3.366,566.2,15.018
0.560161326,3.378,565.6,14.7423
0.560381059,3.42,570.5,15.6457
0.561639989,3.471,567.8,16.0329
0.565706851,3.477,566.5,16.4729
0.565387007,3.48,576.3,16.4964
0.562113547,3.473,576.1,16.3497
0.563697858,3.498,569.4,17.0361
0.561703084,3.515,579.4,16.6548
0.56740808,3.491,578.5,16.6137
0.572246066,3.482,577.3,16.7369
0.573558933,3.494,555.8,16.731
0.574250603,3.502,557.8,17.0126
0.574382539,3.486,564.4,17.2179
0.573328747,3.47,551,17.042
0.573986913,3.495,546.8,17.259
0.575937338,3.495,554.3,17.1006
0.574547544,3.503,546.8,17.4819
0.574811749,3.51,554.9,17.4467
0.574118728,3.458,552.4,17.7694
0.573295878,3.437,556.3,17.9278
0.572737686,3.444,560.9,18.0334
0.573723465,3.43,562.8,18.3854
0.570678537,3.467,555.9,18.2915
0.573065903,3.488,565.9,18.4616
0.574943943,3.52,561.4,18.62
0.570125428,3.492,569.8,17.9688
0.571787981,3.512,570.6,18.2152
0.56980057,3.554,577.3,17.611
0.569930468,3.586,572.4,17.699
0.571526547,3.581,562.5,17.6931
0.575937338,3.604,559.9,17.3939
0.575440212,3.624,550.2,17.0126
0.575804687,3.644,552.9,16.9246
0.579105861,3.671,547.8,17.5054
0.577200577,3.699,546.2,17.4233
0.572606505,3.659,558.3,17.6227
0.572246066,3.673,554.2,17.5347
0.569022419,3.659,562.3,17.5875
0.569281567,3.666,562.5,18.3267
0.56924916,3.667,562.8,18.227
0.572409845,3.667,559.8,18.1448
0.572246066,3.645,558.8,18.6611
0.576269233,3.654,558.4,18.8019
0.57382223,3.643,568.9,19.1949
0.572540937,3.637,575.5,19.3005
0.573493147,3.718,572.8,19.5704
0.576501787,3.756,582,19.4413
0.572409845,3.773,597.5,19.3592
0.57530779,3.774,592.5,19.3709
0.574745675,3.809,597.6,19.4883
0.569833039,3.843,595.4,19.541
0.56999544,3.845,597.7,19.852
0.570548297,3.882,604.3,19.4237
0.573558933,3.887,590.4,19.236
0.573624735,3.892,598.1,18.3912
0.5717226,3.867,602.8,18.6846
0.571363273,3.872,607.4,18.3619
0.570548297,3.931,596.8,18.7608
0.571037003,3.954,600.1,18.7256
0.564971751,3.954,622.9,18.9955
0.560852496,3.931,621.8,18.5966
0.557817817,3.925,649.9,18.4264
0.562239964,3.933,622.3,18.708
0.561230217,3.936,643.5,19.3357
0.559190292,3.931,629.4,19.0659
0.559377972,3.981,639.8,19.1832
0.560443872,3.987,648.5,19.148
0.555062167,3.991,643.8,18.6611
0.547765118,3.964,646,18.3326
0.547705116,3.947,646,18.6728
0.543389665,3.982,678.8,18.6963
0.542534722,4,675.3,19.0072
0.539869352,4.021,681,19.4883
0.53783682,4.011,688.2,19.3123
0.538213132,4.006,689.3,18.6552
0.535561268,4.028,711.4,18.4088
0.53633682,4.006,719.3,18.2446
0.531321396,4.057,724.3,17.0361
0.528122524,4.071,725.6,16.8249
0.532028091,4.032,726.7,17.1827
0.529604915,3.99,700,16.778
0.531236719,4.054,697.8,17.0772
0.52759312,4.037,692.6,16.9305
0.532481363,4.001,667.5,17.259
0.529969792,3.93,665.3,17.5289
0.531943188,3.927,676,17.6345
0.535417894,3.889,650.8,16.7193
0.533788833,3.885,660.6,17.2003
0.53783682,3.884,663.5,17.0537
0.537692225,3.891,650.8,16.9246
0.530588423,3.92,663,16.5257
0.534816558,3.96,654.2,16.0036
0.536049317,3.997,639.6,15.6633
0.531349628,3.955,647.8,15.5753
0.533988359,3.942,645.7,15.6516
0.537692225,3.993,639.6,14.9007
0.538880207,4.001,636.3,14.6074
0.542211137,3.941,633.4,15.7161
0.543094553,3.931,616.6,15.5049
0.542976598,3.915,613,16.0036
0.545523976,3.86,570.9,16.426
0.542534722,3.889,567.6,16.4494
0.540745147,3.939,585.4,16.3673
0.540365287,3.934,589.9,16.426
0.543035569,3.965,574.3,16.1033
0.542829226,3.97,584.5,16.1737
0.541829215,4.008,595.3,16.4377
0.546836551,4.036,588.8,16.731
0.549934008,4.068,591.8,16.9246
0.548155457,4.082,594.5,16.8425
0.548757065,4.095,588.3,16.5492
0.549752611,4.09,589.3,16.602
0.547135744,4.073,607.4,16.5961
0.541184111,4.08,625.1,16.4905
0.542799761,4.078,633.4,16.4377
0.54200542,4.074,631.5,16.4318
0.54525627,4.122,628.7,15.8393
0.544543672,4.117,643,15.4463
0.540423692,4.078,638.7,15.018
0.543006082,4.08,633.4,15.2644
0.541653125,4.054,651,16.0447
0.545077946,4.08,660.6,15.4756
0.542358173,4.041,670.3,15.1354
0.543832935,3.989,674.1,15.6751
0.549782836,3.985,652.5,15.6927
0.547585149,4.001,642.6,15.8393
0.542976598,3.998,652.8,16.3673
0.541096261,3.984,638.4,16.3145
0.537865749,3.956,629.1,16.1972
0.54007345,3.956,624.3,15.9567
0.543596434,3.953,619.7,16.4084
0.539257981,3.981,634.2,16.4788
0.538271073,3.945,643.9,16.4964
0.53633682,3.93,644.3,16.4905
0.535446562,3.922,646.3,16.1327
0.532907008,3.929,657.3,15.1002
0.532793436,3.926,650.9,15.4228
0.529773257,3.957,645.5,15.106
0.524163958,3.925,652.7,14.9242
0.524603924,3.908,657.9,15.0298
0.524218914,3.902,651.8,15.3466
0.525017063,3.93,659.4,15.37
0.528066748,3.926,646.5,15.1236
0.529044546,3.972,642.1,15.0356
0.529576868,4.003,636.8,15.2527
0.527983105,3.979,634.3,15.018
0.527370531,3.942,638.1,15.4346
0.530307048,3.914,623.4,15.9684
0.531067446,3.909,615.2,16.0153
0.528010983,3.864,637.3,16.0271
0.529408651,3.813,633.4,16.0095
0.528178313,3.824,631.8,16.1033
0.529801325,3.814,631.3,16.1033
0.530054066,3.792,632,16.1561
0.528122524,3.797,623.3,16.1561
0.52664841,3.823,624,15.8804
0.524851729,3.802,629.1,15.9625
0.525099769,3.768,635.6,15.7631
0.524328859,3.747,635.5,15.8628
0.52443885,3.748,635.9,16.0153
0.527927357,3.784,648.2,15.9215
0.530729222,3.823,643,15.986
0.533105875,3.817,625.9,16.3908
0.535991853,3.787,619.8,16.5198
0.536049317,3.799,597.7,16.3204
0.533589456,3.831,596.8,16.602
0.53287861,3.789,598.8,16.0153
0.529829395,3.793,583.8,15.8276
0.531914894,3.79,588.3,15.6223
0.531801744,3.825,596.9,15.5753
0.531490832,3.79,581.9,15.5343
0.529773257,3.773,585.3,15.6927
0.525845296,3.757,593.3,15.6927
0.526371197,3.695,598.5,15.4228
0.526260394,3.664,598.6,15.5343
0.527815898,3.66,600.6,15.81
0.529296565,3.675,612.6,15.6868
0.532850216,3.683,611,15.6164
0.534102441,3.698,607.3,15.5577
0.529885545,3.699,604.6,15.9097
0.529745193,3.717,583.9,15.9684
0.530054066,3.705,575.9,16.2793
0.532141337,3.707,582.6,16.4084
0.534730763,3.728,582.8,16.2207
0.535446562,3.756,585.3,15.9567
0.539199827,3.803,581.6,16.1327
0.539432517,3.805,581.9,16.1033
0.53783682,3.808,587.9,16.1913
0.538793103,3.824,599.3,16.25
0.537258905,3.829,604.9,16.25
0.534587833,3.802,599.2,16.2911
0.535360565,3.811,599,16.2911
0.532566438,3.831,608.3,16.25
0.530785563,3.832,600.4,16.3556
0.533788833,3.873,590.8,16.3087
0.533817328,3.872,594.8,16.4553
0.532481363,3.883,600.6,16.8073
0.528848696,3.858,605.5,17.0126
0.526592944,3.816,609.1,17.1945
0.525651808,3.791,613.3,17.0713
0.524218914,3.753,615.6,16.9246
0.523999162,3.716,627.5,16.8718
0.524026621,3.732,623.8,17.0126
0.526011257,3.756,637.6,16.954
0.527120342,3.785,632.5,16.9129
0.524796641,3.744,634.3,16.8542
0.524934383,3.744,625,16.8836
0.52496194,3.743,643.3,16.3966
0.523176729,3.716,637.5,16.3966
0.5260666,3.725,635.5,16.4025
0.52742616,3.718,630.3,16.514
0.529352602,3.726,632,16.4318
0.529436679,3.752,628,16.2735
0.527537455,3.731,631.5,15.9215
0.527231507,3.717,632,15.9449
0.526482047,3.717,636.3,16.074
0.522193211,3.716,639.7,16.074
0.522029651,3.74,631.6,15.9391
0.517651931,3.693,647.8,16.1209
0.516129032,3.718,650.8,16.074
0.512111435,3.698,649.6,16.074
0.513953847,3.716,646,16.0564
0.508854061,3.691,658.3,16.3087
0.505152556,3.662,655.8,16.0975
0.505203597,3.666,655.5,16.1913
0.506611277,3.671,653.8,16.2735
0.508465958,3.684,641,16.426
0.509113125,3.708,642.2,16.5081
0.511849312,3.723,634.4,16.4964
0.510960094,3.742,639.9,16.5668
0.507382414,3.735,639.6,16.8894
0.508285046,3.743,638.4,16.819
0.509761941,3.778,635.3,16.7076
0.512242598,3.792,625.1,16.8777
0.513347023,3.825,625.5,16.8953
0.507975211,3.86,632.1,17.0185
0.508879955,3.857,630.1,17.3235
0.509969912,3.869,627.8,17.4819
0.510256149,3.885,630.6,17.5113
0.509865905,3.886,630.6,17.3939
0.511692166,3.886,634.3,17.5641
0.511012315,3.923,636.8,17.916
0.509528177,3.949,644.7,18.2622
0.510464523,3.953,646.3,18.3619
0.510568774,3.959,646.3,18.6846
0.506688285,3.936,650.1,18.6846
0.512636489,3.947,636.9,18.4382
0.514668039,3.93,631.7,18.4734
0.51810787,3.978,615.7,18.4558
0.516102395,3.972,619.1,19.3416
0.515623389,4.002,622.4,18.7725
0.517651931,4.018,621,19.1187
0.513848209,4.016,621.2,19.0541
0.510516643,4.057,635.6,18.9779
0.508802279,4.054,636.1,19.06
0.509865905,4.037,634.8,19.0365
0.507639982,4.039,632.3,18.8547
0.506508636,4.06,637.3,19.2008
0.506611277,4.049,635.8,19.0424
0.506021658,4.021,642.4,19.0483
0.504566325,4.02,656.3,19.1773
0.508078447,4.039,658.3,19.0835
0.509190896,4.072,656.5,18.9485
0.510204082,4.088,655.9,18.9016
0.510334269,4.118,653,18.6552
0.509450303,4.108,647.7,18.5848
0.509190896,4.1,663,18.7667
0.508285046,4.089,667.6,18.8723
0.508414256,4.065,657.7,18.9955
0.510230114,4.032,658.3,19.1245
0.507408159,4.025,663.6,19.2771
0.507588447,4.028,661.4,19.3416
0.51072523,4.044,670.3,19.5352
0.512741629,4.087,676.8,19.3592
0.513294323,4.101,671.7,19.1539
0.513584305,4.115,674.4,19.1245
0.50955414,4.094,679.4,18.0392
0.512058989,4.044,679.4,18.2446
0.512689054,4.049,669.6,18.1566
0.512452598,4.063,681.6,17.3177
0.511352015,4.061,668.6,18.227
0.511639806,4.051,688.8,18.1214
0.511195174,4.081,687.6,18.2915
0.509320566,4.048,693.6,18.4792
0.509320566,3.996,697.9,18.4792
0.509891903,3.966,671.4,18.6376
0.509164969,3.96,680.3,17.6873
0.510516643,3.953,674.4,17.8046
0.514562108,3.95,652.8,17.6814
0.520318435,3.919,644.9,18.4499
0.51786639,3.94,647.6,18.62
0.517464424,3.931,658.6,18.4851
0.518591505,3.926,661.1,19.06
0.517705529,3.949,650.6,19.3123
0.517357339,3.93,660.9,19.5352
0.518537724,3.904,653.2,19.0541
0.516689057,3.886,654,18.9016
0.516288915,3.906,656,19.0307
0.515118735,3.904,663.3,19.3357
0.51429747,3.923,663.5,19.4179
0.509865905,3.91,668.2,19.4237
0.508130081,3.918,674.8,19.5645
0.508957655,3.946,673.8,19.6525
0.509658019,3.993,667.3,19.6701
0.507665753,3.999,673.8,20.1218
0.508879955,4.014,674.9,19.9458
0.509813918,4.025,675.6,20.2098
0.509502216,4.047,671.3,20.3271
0.508130081,4.047,673.7,20.6791
0.505586733,4.063,664.2,20.6498
0.506380393,4.085,674,20.3037
0.506021658,4.065,684.6,20.597
0.507511165,4.084,674.8,21.1954
0.508828169,4.102,674.8,21.1895
0.509606075,4.102,671,20.9725
0.506996552,4.118,687.5,21.5591
0.506354752,4.13,687.5,21.5004
0.505152556,4.166,686.1,21.6178
0.503321925,4.213,695.4,21.6295
0.502487312,4.192,700.9,21.565
0.498007968,4.172,698.2,21.342
0.497908783,4.141,699.9,21.5884
0.499350844,4.188,693,21.4124
0.49937578,4.198,702.3,21.5415
0.500150045,4.173,699.4,21.7996
0.499450604,4.159,693.6,21.2951
0.499525451,4.186,695.9,21.7058
0.502234946,4.214,685,21.4066
0.500475452,4.213,691.7,21.1778
0.500250125,4.152,688.4,21.0311
0.500225101,4.146,683.5,20.8141
0.502689388,4.199,683,21.1895
0.502967508,4.222,676.8,21.2716
0.502008032,4.192,699.2,21.5591
0.50185687,4.204,698.8,21.4124
0.502739933,4.192,695.7,21.2658
0.501378792,4.203,690.9,21.3831
0.504948495,4.207,676.4,21.389
0.504846527,4.207,681,21.5826
0.505229121,4.26,680.3,21.4183
0.50349932,4.293,682.3,21.4242
0.505714575,4.296,672.1,21.7527
0.506354752,4.304,667.6,21.9345
0.506457331,4.297,671.7,21.2071
0.507382414,4.309,663.7,20.3095
0.506329114,4.331,669.1,20.8551
0.503397936,4.371,671.3,20.8375
0.503981453,4.359,664.4,20.6205
0.504133898,4.373,665.9,20.8845
0.504184733,4.383,665.4,20.9431
0.504770077,4.392,666.6,21.5591
0.506124102,4.388,663.1,21.5591
0.504872015,4.405,670.9,21.5298
0.504515413,4.44,681.8,21.2658
0.50205844,4.45,681.3,21.2482
0.50168063,4.475,680.3,20.5618
0.501907248,4.468,680.9,20.5794
0.505586733,4.52,669.4,20.4151
0.507588447,4.57,658.6,20.3682
0.507794648,4.556,663.6,20.6733
0.506508636,4.597,657,20.6205
0.506816684,4.658,660.6,20.6498
0.507691527,4.638,661.8,20.8845
0.506072874,4.658,655.7,21.0487
0.504210155,4.644,666.2,20.7261
0.502967508,4.622,671.3,20.8551
0.50168063,4.616,664.3,20.9138
0.50168063,4.653,661.8,20.2509
0.50020008,4.647,664,20.3858
0.500525552,4.621,653.9,20.8199
0.500275151,4.594,648.1,20.5677
0.500050005,4.546,653.4,20.773
0.49927605,4.572,658.5,20.2685
0.497685761,4.562,659.4,20.3037
0.495736665,4.513,657.7,20.1512
0.495884161,4.545,653.8,19.6584
0.495810402,4.598,654.5,19.9634
0.497141437,4.637,659.6,19.5352
0.497363971,4.67,665.8,19.4179
0.496253288,4.675,670.1,18.4792
0.493412937,4.61,673.5,18.5379
0.492029128,4.567,671,18.3032
0.49251379,4.615,676.8,18.0686
0.491569582,4.625,676.9,18.1859
0.491110893,4.582,675,17.9219
0.48856752,4.577,674.8,17.042
0.487139517,4.551,683,17.6873
0.487947692,4.558,688.1,18.5086
0.486381323,4.461,683.7,18.4206
0.48564907,4.429,681.7,17.0889
0.484942534,4.431,691.4,17.1886
0.486902327,4.408,675.6,17.4233
0.4884482,4.356,680,17.1006
0.493973523,4.325,668.5,16.866
0.494071146,4.31,675.3,16.8073
0.492902208,4.345,673.9,17.7518
0.49227134,4.335,672,17.9512
0.490918017,4.363,675,17.5993
0.490292214,4.33,678.5,17.7577
0.492319811,4.323,681.8,17.3353
0.494608764,4.348,676.5,17.3939
0.490966222,4.419,684.8,17.3529
0.49424208,4.386,669.5,17.042
0.494119972,4.349,681,17.3939
0.496919102,4.363,677.5,17.6579
0.500801282,4.359,677.5,17.7753
0.503296593,4.33,675.5,17.8222
0.504184733,4.259,660.5,18.0686
0.504897506,4.274,665.5,17.8046
0.50311934,4.281,666.5,17.5993
0.504719124,4.231,667.4,16.8484
0.501781324,4.281,669,16.6489
0.498678502,4.283,668.5,16.7193
0.496302546,4.257,678.3,16.4846
0.497240316,4.269,676,16.3966
0.499525451,4.231,662.9,15.986
0.495613818,4.219,667.9,15.8335
0.49652433,4.233,673.5,16.8894
0.495884161,4.253,681.5,16.8366
0.495540139,4.26,680.5,16.69
0.496770989,4.262,692.3,17.2473
0.495098525,4.229,690,16.5433
0.494217653,4.212,704,16.5726
0.492659375,4.147,710,16.7721
0.493291239,4.09,711.5,16.7193
0.492029128,4.097,721.5,16.4553
0.492853622,4.118,721,17.1827
0.494535384,4.155,717.5,17.4233
0.497809638,4.159,716.5,17.4761
0.501403931,4.15,727,17.6286
0.496968492,4.202,733,17.7049
0.49990002,4.274,730.5,17.611
0.497512438,4.321,742.5,17.9043
0.495147554,4.353,742.4,17.7283
0.494388688,4.366,741.3,17.7753
0.495368306,4.329,740.5,18.6552
0.496031746,4.371,738.9,18.1859
0.493315574,4.39,744,18.1742
0.488495921,4.337,754.8,18.3912
0.48933255,4.334,758.3,17.9219
0.489931899,4.327,740.5,17.0126
0.492198651,4.318,736.5,17.3059
0.490388388,4.305,747,17.1886
0.489572114,4.324,753,17.0009
0.490845727,4.348,742.5,16.69
0.490628986,4.321,748,16.6078
0.489596083,4.336,751,16.5726
0.492174427,4.376,757.5,16.8366
0.490845727,4.399,759.5,17.3235
0.489548147,4.417,769,16.25
0.492174427,4.421,770.5,15.9977
0.490292214,4.387,765,16.0212
0.489045383,4.329,776.5,16.426
0.487281941,4.246,776.8,15.722
0.49227134,4.19,764,15.986
0.487638367,4.2,769.5,15.458
0.487900078,4.158,773.5,15.7513
0.48747197,4.163,779.5,16.2207
0.48709206,4.172,796.9,15.9097
0.484613521,4.177,803.3,15.3172
0.483863163,4.186,792,15.1295
0.480422772,4.229,806.5,14.7658
0.480884828,4.225,798,14.5781
0.478491794,4.173,817.5,13.9914
0.480746118,4.156,818.6,13.7861
0.479041916,4.179,836.8,14.2847
0.475601636,4.145,844.8,13.88
0.474428314,4.119,842.5,14.4607
0.478377344,4.094,843.5,15.241
0.486594326,4.095,804.3,15.3114
0.482951801,4.112,811.9,16.0153
0.487020893,4.143,823,15.8511
0.489093221,4.108,799,15.5753
0.48709206,4.099,798.1,15.9273
0.48801913,4.087,793.4,16.2207
0.484027106,4.055,815.9,15.9273
0.484355323,4.023,813.9,16.514
0.484566555,4.033,815,15.8393
0.485319097,4.041,835.4,15.9625
0.482811896,4.049,834.8,15.7103
0.483278562,4.024,823.5,15.4874
0.480584391,4.101,815.5,15.1178
0.485130743,4.104,804.8,15.417
0.486097608,4.113,792.5,15.3407
0.484050535,4.115,802,15.3759
0.48564907,4.063,815.1,15.458
0.493778392,4.04,807.4,15.2468
0.493412937,4.071,814.7,15.4287
0.492222879,4.171,807,15.1588
0.488591391,4.226,820.5,15.0474
0.491666257,4.271,808,15.0474
0.488519785,4.287,826.1,15.0767
0.490027932,4.306,809.2,14.7834
0.496130185,4.316,806.6,14.754
0.494633229,4.315,803.4,14.6074
0.496401092,4.306,814.2,14.7834
0.500575662,4.286,814.2,14.7658
0.504362738,4.298,807,13.7861
0.504083073,4.298,822.4,13.5221
0.505842481,4.328,824.3,12.8181
0.504846527,4.328,819.1,12.0555
0.504133898,4.328,837.3,10.5009
0.501228009,4.356,836,12.3136
0.501730972,4.355,852.1,12.0262
0.503803718,4.324,845,12.4368
0.503397936,4.324,845.5,11.2166
0.504693651,4.303,868.5,11.727
0.507408159,4.2,875.5,12.1435
0.507253728,4.153,874.1,12.0555
0.507897811,4.131,870.7,12.0672
0.507253728,4.145,889.5,12.6421
0.510751315,4.1,889.5,12.3488
0.509606075,4.089,906.5,11.7856
0.51103843,4.098,909,11.8502
0.511195174,4.052,919,11.7035
0.509476258,4.033,907,11.4689
0.509372453,3.985,892.4,11.3809
0.507382414,3.984,889.6,11.9382
0.511744537,3.965,896.5,12.6421
0.514615068,3.918,878,11.8502
0.509813918,3.942,906.2,11.6566
0.51103843,3.905,903.8,11.7622
0.50566343,3.986,920,11.7622
0.504489961,3.995,927.5,11.8619
0.503981453,3.944,942.9,11.5568
0.502512563,3.988,937,11.4865
0.502234946,4.011,943,11.9558
0.503169971,3.943,939.5,12.4075
0.508828169,3.923,923,12.1963
0.506816684,3.93,916.4,11.9382
0.50942435,3.866,901.4,11.6448
0.510230114,3.88,913,11.3691
0.514668039,3.879,922.8,11.1462
0.513927433,3.881,934.6,11.3515
0.512400082,3.868,938.3,10.8529
0.509761941,3.914,919.5,10.8822
0.509346508,3.948,918.6,10.5302
0.507923608,3.998,920.5,11.2049
0.509943906,3.969,916.1,11.1462
0.512242598,4.005,918.5,10.8939
0.513294323,3.985,941.3,10.2076
0.514906544,4.025,959.2,10.1196
0.509320566,4.018,958.5,10.6006
0.508388409,3.999,959,9.99052
0.508259212,4.039,953.8,10.7649
0.50349932,4.074,949.1,10.9643
0.504693651,4.077,972.4,11.0699
0.502008032,4.025,984.9,11.4278
0.503245936,3.921,987,11.7035
0.503879875,3.855,998.5,11.5216
0.50349932,3.828,977.8,12.6187
0.502008032,3.852,988.8,13.2874
0.497289771,3.822,993,12.8475
0.496351814,3.779,987.5,12.9765
0.497809638,3.743,987,13.0352
0.498380264,3.787,986.5,12.7888
0.493315574,3.786,996.5,12.4485
0.491666257,3.745,1009.5,12.5013
0.495368306,3.744,1018.2,11.856
0.500525552,3.687,1016,12.1904
0.498032771,3.742,995.5,12.2608
0.504083073,3.742,957,12.9061
0.503321925,3.745,922,12.8475
0.504413619,3.751,937.9,13.6101
0.503372596,3.751,933.3,13.2581
0.498603909,3.873,957.2,13.4048
0.498107193,3.88,967,13.0821
0.497933576,3.914,961,13.4634
0.501303389,3.936,944.5,13.8448
0.504286435,3.906,928,13.9327
0.506124102,3.954,895,13.4928
0.502739933,3.985,915.5,13.9621
0.500876534,3.98,915.5,14.0207
0.501781324,3.957,932.2,13.8917
0.502967508,4.001,933,13.7861
0.507975211,4.006,927.5,13.7392
0.506277845,4,947,13.5514
0.507253728,3.973,947.7,13.569
0.507433907,3.943,936.5,13.569
0.505331245,3.909,937,13.6277
0.509476258,3.941,941,13.6101
0.506765317,4.013,957.5,13.3285
0.502386335,4.076,952,13.3226
0.500625782,4.115,929,13.1877
0.505050505,4.109,927,12.9648
0.501202887,4.151,930.5,12.6187
0.505101525,4.144,916.5,13.2288
0.506534292,4.151,898.5,13.0352
0.503702211,4.189,904,12.9648
0.502159285,4.197,905.5,12.9648
0.507691527,4.154,871.5,13.1408
0.503448623,4.125,894.8,12.9648
0.506175339,4.116,869.7,13.3168
0.507305195,4.163,873.6,12.7771
0.506945149,4.156,885.5,12.6187
0.50671396,4.14,887.5,12.3664
0.511849312,4.173,880,12.3899
0.511508951,4.094,895.5,11.5568
0.511901715,4.006,902.5,11.3222
0.510803494,4.016,900.5,11.4161
0.514165253,4.053,883.8,11.0817
0.513716223,4.164,881.9,11.6742
0.513399733,4.225,899.1,12.6128
0.511090667,4.19,920.4,12.4779
0.513004668,4.199,923.1,12.4955
0.507923608,4.188,937.8,12.2608
0.507150827,4.256,932.8,12.2022
0.504897506,4.284,940.3,11.3985
0.505101525,4.263,943.6,11.4102
0.504515413,4.283,947.7,11.4982
0.506072874,4.298,906.2,11.6742
0.505050505,4.342,901.5,11.2635
0.505842481,4.416,877.8,11.1462
0.504464511,4.44,904.3,10.8822
0.508285046,4.385,908.3,10.8646
0.509320566,4.433,899,10.9115
0.511587456,4.41,896.3,11.5862
0.51064699,4.475,895.9,11.1462
0.507588447,4.439,920.3,10.7649
0.506329114,4.439,910.8,10.9819
0.511665984,4.517,867.8,11.0582
0.509294627,4.538,898.1,11.4571
0.513901023,4.594,886.3,11.5275
0.513716223,4.643,890,11.4571
0.509372453,4.621,901,11.3105
0.511169044,4.603,901.6,11.3926
0.510464523,4.608,912.9,11.7152
0.507047967,4.656,917.9,12.4837
0.506072874,4.637,921.4,12.4075
0.508672872,4.59,902.8,12.6715
0.507356672,4.606,908.8,13.1936
0.506457331,4.616,906.3,12.5835
0.502815768,4.55,937.3,12.3664
0.501303389,4.524,946.5,11.6742
0.501781324,4.623,948.2,12.4955
0.50127826,4.609,962.6,12.0731
0.501781324,4.663,967.4,12.0848
0.504311866,4.598,933.6,12.2902
0.504311866,4.516,933.7,12.2902
0.506124102,4.445,946.2,13.0235
0.507743082,4.414,943.1,12.6421
0.504235579,4.424,949.8,12.7008
0.505586733,4.399,966.8,12.8005
0.502436819,4.424,987.9,12.9413
0.501429073,4.42,996.4,12.8475
0.49857905,4.366,998.1,12.1846
0.500250125,4.377,983,12.2491
0.49960032,4.441,978.2,12.3195
0.500425362,4.524,978.3,12.0672
0.499201278,4.617,987.9,11.8678
0.502285399,4.63,967.7,11.6918
0.500525552,4.665,941.1,11.5568
0.503448623,4.576,949.8,12.1376
0.502310629,4.544,929.7,11.8208
0.501429073,4.547,952.7,11.6155
0.505152556,4.49,940.3,11.7504
0.504566325,4.418,929.5,11.991
0.504133898,4.38,937,11.1345
0.506226587,4.36,909.8,10.495
0.509813918,4.337,916.4,10.4657
0.51171835,4.32,894.7,10.4481
0.513426092,4.337,900.3,10.0785
0.514403292,4.286,894.1,10.2076
0.520724849,4.257,875.8,10.0902
0.523423188,4.265,825.7,10.2076
0.527203712,4.236,817.9,10.0609
0.53490238,4.209,828.2,10.2956
0.535045479,4.207,825.8,9.69133
0.535676023,4.179,805.1,9.03429
0.536279294,4.137,820.1,8.79377
0.535360565,4.142,831.3,7.89034
0.53711462,4.143,831.2,9.23961
0.532084708,4.164,854.8,9.70893
0.539869352,4.205,841.4,9.05775
0.539694533,4.148,840.8,9.06362
0.543596434,4.111,843.3,8.89936
0.544959128,4.155,847.8,8.85829
0.546896363,4.172,852.6,8.09566
0.54902822,4.164,851,6.45306
0.55533959,4.13,838.8,6.54106
0.561104253,4.175,825.6,7.47382
0.563507269,4.136,820.7,7.76127
0.568537154,4.107,816.5,6.51173
0.566251416,4.016,822.5,7.36822
0.56895767,4.081,821.4,5.86642
0.567601317,4.067,799.3,6.31814
0.571493885,4.062,777.4,5.86642
0.569605833,4.077,760.5,7.0397
0.55769338,4.156,782.9,7.39169
0.557631183,4.033,783.6,6.68772
0.559879066,3.988,799.9,5.74909
0.551328702,4.017,879.7,6.33573
0.551328702,4.029,882.8,6.21841
0.545940929,4.174,893.8,5.91335
0.538473965,4.23,929.8,5.86055
0.538560965,4.232,916.7,5.86642
0.53998596,4.173,904.2,5.65523
0.542740841,4.223,897.7,5.10379
0.542093565,4.183,907.9,4.88086
0.555123793,4.017,947.6,4.57581
0.560789592,4.011,889.3,4.7166
0.566508044,4.003,896.6,5.22111
0.566893424,3.974,865.4,5.27391
0.564397788,3.894,854,5.30911
0.573789305,3.769,889.9,6.05415
0.573164441,3.756,908.4,5.39711
0.580551524,3.766,928.1,5.03632
0.587440522,3.89,900.8,5.21525
0.58702671,3.953,869.9,4.69607
0.573131591,4.075,860.9,4.45261
0.575043128,4.095,862.2,3.98917
0.581158831,4.109,870.3,4.25316
0.576734529,4.084,826.4,4.11236
0.578435909,4.025,787.8,3.88944
0.581868963,4.019,815.1,3.75451
0.60540017,3.952,793.4,3.37319
0.617322057,3.83,748,3.30866
0.618085172,3.789,735.3,3.54919
0.628456511,3.741,749.6,3.71344
0.643666323,3.755,737,3.77211
0.621774545,3.779,767.3,3.91877
0.61098552,3.782,778.4,4.79287
0.611022852,3.798,738,4.42915
0.624804749,3.854,723.7,3.72518
0.634236063,3.841,742.3,4.07716
0.627628193,3.814,778.3,4.18276
0.631273278,3.771,762.3,4.11823
0.641889723,3.708,734.3,4.39688
0.629960942,3.687,735.3,4.17689
0.639590662,3.691,748.8,4.27662
0.650195059,3.677,756,4.22382
0.6710959,3.644,736.6,4.07716
0.67087079,3.705,720.6,4.07716
0.6687174,3.716,769.7,3.83664
0.666977923,3.677,741.3,3.9305
0.668583272,3.648,753.8,3.66651
0.667958052,3.561,755,3.52865
0.678656261,3.449,770.5,3.66651
0.66983723,3.4,822.8,3.57265
0.660327522,3.402,844.6,3.98917
0.648340249,3.374,838.4,3.95983
0.652230629,3.309,844.2,4.0009
0.649434992,3.285,845.3,3.95397
0.655393892,3.248,842.3,3.76038
0.672902227,3.188,804.3,3.69291
0.671231038,3.088,799.9,3.49932
0.676635767,3.041,801.1,2.99188
0.681291729,3.029,788.4,2.92734
0.681106116,3.039,775.9,2.69855
0.672630659,3.124,802.5,2.61056
0.677874187,3.211,801.5,2.28204
0.675904022,3.205,836.4,2.13831
0.665335995,3.207,855.7,1.93005
0.674900452,3.217,841.7,1.83032
0.653552055,3.209,858,1.67193
0.641642605,3.14,871.5,1.90659
0.644662197,2.993,893.7,1.77166
0.664187035,2.991,883.4,1.73059
0.674991563,2.993,861.5,1.88899
0.680735194,2.96,882.8,1.88899
0.678241997,2.943,861.5,2.10898
0.681988679,2.943,886.2,2.04738
0.682547266,2.943,884.6,2.07085
0.68572996,2.943,890.6,2.00632
0.691180536,2.916,901.3,2.00925
0.694733917,2.944,894.1,1.95352
0.696669918,2.944,904.4,2.05325
0.678610206,2.944,905.7,2.07671
0.695410292,2.969,900.5,2.27617
0.679393981,3.019,881.4,2.12951
0.670600858,3.098,907.4,2.14711
0.663305917,3.184,862.6,2.08258
0.65672818,3.167,880.1,1.88899
0.66098222,3.054,879.5,1.75113
0.674809366,3.01,855.1,1.79513
0.688847558,2.987,859,1.80686
0.683994528,2.978,850.6,1.74526
0.681616795,2.906,854.4,1.74233
0.682221313,2.937,878.1,1.61327
0.693192846,3.013,859.3,1.73059
0.720564923,3.01,892.4,1.68073
0.720513005,2.994,875,1.6426
0.720409192,3.091,884.4,1.55753
0.740411669,3.17,937,1.5546
0.715614713,3.301,929.3,1.49594
0.704771302,3.276,937.9,1.49007
0.702790077,3.241,911.6,1.39621
0.700182047,3.267,933.3,1.35514
0.687521485,3.289,952.2,1.33754
0.703729768,3.261,931.3,1.52527
0.692760651,3.312,935.1,1.45781
0.691610761,3.361,928.3,1.65726
0.683526999,3.364,942.6,1.6514
0.673627484,3.354,936.8,1.69246
0.67294751,3.396,935.5,1.70126
0.691467294,3.351,959,1.6866
0.696281855,3.225,984.9,1.70126
0.699888018,3.105,973,1.71886
0.684697022,3.116,968,1.89485
0.69827526,3.051,968.7,1.91832
0.702197879,2.997,996.9,2.3407
0.701705143,2.979,1008.3,2.45803
0.701016474,3.067,1002.5,2.4639
0.690369348,3.019,1021.2,2.19991
0.69170644,3.038,1017.8,2.3847
0.688373374,2.986,996.6,2.4639
0.703432752,3.009,994.4,2.46976
0.695120256,3.106,966.3,2.61349
0.696136443,3.102,966.1,2.71029
0.712301446,3.034,975.6,2.37003
0.712809181,3.052,940.3,2.56656
0.705318098,3.123,926.1,2.74548
0.707613926,3.065,972.5,2.84521
0.712149266,2.933,981.6,2.95668
0.724952878,2.93,961.2,2.98014
0.724847782,2.98,938.8,3.20307
0.722543353,3.071,929.5,2.84521
0.718081287,3.011,967,3.00361
0.71063104,3.081,954.3,2.97428
0.710378632,3.139,950.1,2.97721
0.711136396,3.173,941.5,2.86868
0.699937006,3.222,964.9,2.83935
0.689702738,3.058,1003.5,2.89214
0.694637399,2.997,979.3,3.00947
0.686388908,3.011,983.8,3.06227
0.680040802,3.132,952.3,3.07694
0.687001924,3.153,981.9,3.14147
0.691323885,3.147,963.8,3.46706
0.700770848,3.101,966.3,3.78971
0.701262272,3.03,944.4,3.63131
0.69637883,3.002,943.1,3.33213
0.691085003,2.989,967,3.49639
0.678241997,3.092,926.8,2.93321
0.673491379,3.192,916.8,3.02414
0.682267858,3.229,894,3.05054
0.678564158,3.214,922.4,3.50225
0.681013348,3.201,905.8,3.47292
0.683246789,3.248,905.1,3.37319
0.681013348,3.248,905.9,3.29106
0.672721157,3.248,916.9,3.36146
0.669075338,3.196,911.8,3.2676
0.666666667,3.156,917.1,3.37319
0.669657805,3.186,913.3,3.26173
0.677644508,3.238,890.9,3.35266
0.690464683,3.179,907.9,3.33799
0.681802686,3.139,908.8,3.34093
0.689702738,3.182,914.8,3.31453
0.681384573,3.223,930.9,3.2148
0.676818951,3.192,954.7,3.31453
0.684041316,3.143,931.8,3.22653
0.68310677,3.141,933.5,3.16787
0.67704807,3.165,925,3.1356
0.680179567,3.189,913.1,3.15027
0.669657805,3.189,910.3,3.162
0.665380265,3.219,924.8,3.1708
0.659543596,3.224,940.9,2.97428
0.660894852,3.236,936,2.93908
0.665646009,3.364,935.4,2.78655
0.655909747,3.442,956.5,2.83935
0.661375661,3.395,955.4,2.76308
0.653979465,3.406,965.1,2.49909
0.662163952,3.367,952.3,2.59296
0.656771312,3.312,969.6,2.68095
0.654150585,3.334,957,2.66336
0.65257113,3.356,947.9,2.58416
0.645494449,3.431,951.4,2.60469
0.635041595,3.431,965,2.60469
0.629326621,3.487,979.5,3.03294
0.628219626,3.528,983.8,2.93028
0.62857502,3.603,1002.4,2.89214
0.62652716,3.609,979.9,2.96254
0.626841346,3.633,994.3,2.83641
0.626998558,3.666,986.6,2.80708
0.617398284,3.595,1004.3,2.80708
0.607459604,3.63,1003.4,2.78068
0.604083605,3.652,1008.1,2.95081
0.613647521,3.577,988.9,2.93321
0.620693936,3.607,1005.3,2.96548
0.627391932,3.68,980.1,2.96548
0.621658585,3.687,996,2.98014
0.613120785,3.648,981,2.95961
0.611321677,3.68,980.3,2.95081
0.602736423,3.696,999.6,2.92148
0.612332374,3.623,965.9,2.95961
0.614552606,3.543,953.8,3.01534
0.611246944,3.525,961,3.1356
0.608753881,3.484,962.8,3.1972
0.611433812,3.518,959.2,3.22653
0.606354596,3.53,960.9,3.2588
0.61300803,3.467,947.9,3.25586
0.60842054,3.467,951.3,3.44066
0.608531613,3.453,955.9,3.34973
0.609198903,3.435,964.8,3.51985
0.605107104,3.409,983.8,3.42012
0.603500302,3.371,964,3.49345
0.606980273,3.381,953.8,3.57852
0.606281072,3.409,966.9,3.43186
0.61173304,3.36,956.4,3.54919
0.612332374,3.335,974.9,3.55798
0.613798183,3.305,965.8,3.46119
0.621929224,3.322,951.6,3.43186
0.623558022,3.278,933,3.45532
0.612407373,3.287,937.6,3.44652
0.616865092,3.275,937,3.42892
0.614590376,3.259,944.3,3.47879
0.612219909,3.314,967.2,3.49052
0.609198903,3.35,965.3,3.52279
0.609421659,3.354,980.1,3.63425
0.612107486,3.366,979.1,3.64305
0.605290237,3.431,993.2,3.74864
0.609198903,3.395,991.2,3.99503
0.60805059,3.378,976.9,3.93344
0.605766901,3.421,976.5,3.86597
0.608790941,3.481,978.5,4.0009
0.606759299,3.494,981,4.18569
0.609533098,3.444,963.3,4.30009
0.61173304,3.426,954.8,4.55821
0.605913718,3.435,961.3,5.15072
0.598336624,3.336,979.9,5.02752
0.590527932,3.336,983.5,4.78113
0.59000531,3.34,990.4,4.81046
0.588512241,3.35,992.3,5.14485
0.595025586,3.364,990.4,5.30911
0.599304806,3.454,981.4,5.19178
0.607017118,3.484,970.6,5.20351
0.606428138,3.48,971.5,5.13899
0.6058403,3.453,974.7,5.20351
0.603646022,3.444,980.9,5.02166
0.604339155,3.346,990.2,4.85153
0.611508592,3.289,960.4,5.05686
0.60284543,3.303,963.8,5.19765
0.603937674,3.257,967.7,5.17418
0.605913718,3.257,967.3,5.10085
0.605803598,3.298,980.3,4.8222
0.609570253,3.316,985.4,4.52301
0.612970455,3.275,970.8,4.69314
0.616180911,3.244,971.9,4.86913
0.613986615,3.243,974.9,5.02752
0.614665929,3.258,982.8,4.88086
0.614024315,3.244,976.7,4.91899
0.620039683,3.242,982.3,4.93953
0.614175163,3.223,1006.5,4.99232
0.612594952,3.249,1037.1,5.16245
0.610128127,3.248,1037,5.09792
0.612107486,3.242,1022.6,4.95713
0.60547348,3.267,1024.6,4.98939
0.604777744,3.322,1034.7,4.94539
0.600456347,3.325,1021.4,4.70487
0.600312162,3.258,1033.5,4.875
0.602155717,3.255,1025.5,4.81046
0.606464916,3.289,1034.6,4.59927
0.606832939,3.32,1045.9,4.32942
0.60845756,3.365,1042.5,3.95983
0.614590376,3.358,1055,4.47608
0.616522811,3.379,1030.9,4.12996
0.610426077,3.4,1060.4,4.10649
0.6114712,3.388,1058.3,4.14169
0.627077193,3.318,1039.9,4.10649
0.627116518,3.265,1018,4.0977
0.629366228,3.253,1018.6,4.21209
0.626134869,3.239,1020,4.36462
0.624921885,3.227,1033.8,4.25609
0.629089079,3.189,1026.8,4.25902
0.627116518,3.126,1030,4.19742
0.626998558,3.127,1043.7,4.17982
0.628061801,3.152,1069.8,4.15636
0.626370185,3.131,1072.5,4.17689
0.62297533,3.121,1083.6,4.11236
0.631074088,3.185,1077.8,4.00676
0.632391071,3.192,1103.9,3.9305
0.627667587,3.163,1090.6,3.8777
0.624804749,3.22,1109.5,3.80144
0.612257393,3.29,1077.8,3.66651
0.611321677,3.294,1082.4,3.50812
0.609347389,3.302,1089.8,3.71344
0.610500611,3.25,1085.6,3.67825
0.601684717,3.303,1087.5,3.73104
0.601395237,3.302,1088.1,3.67238
0.613195977,3.338,1083.9,3.64891
0.613722843,3.362,1066.7,3.68411
0.61001647,3.294,1067.2,3.64305
0.610687023,3.258,1055.3,3.54332
0.603791813,3.299,1075.7,3.50225
0.608198516,3.248,1073.5,3.54332
0.609942056,3.235,1086.5,3.51985
0.608865075,3.239,1114.8,3.52279
0.60397415,3.313,1141.1,3.52865
0.603391058,3.34,1120.7,3.68998
0.601865784,3.359,1125.3,3.60198
0.596018596,3.333,1152.4,3.50225
0.59747864,3.279,1134.5,3.53158
0.603063563,3.292,1147.3,3.50519
0.602881775,3.347,1139,3.52572
0.599592277,3.362,1166.3,3.49639
0.593824228,3.32,1168.2,3.47585
0.594388968,3.298,1165.5,3.49345
0.597371565,3.29,1168.4,3.53686
0.600420294,3.282,1169.7,3.70171
0.606023877,3.258,1175.6,3.80144
0.602228245,3.272,1190.4,4.08303
0.603099934,3.256,1218.7,4.0537
0.598659004,3.253,1241.5,4.06543
0.608531613,3.178,1247.3,3.83136
0.606317832,3.162,1204.2,4.0185
0.607718019,3.155,1203.4,3.95397
0.601612321,3.16,1225.1,3.8777
0.600168047,3.171,1239.3,3.81024
0.604047116,3.19,1243.3,3.83077
0.606943433,3.209,1211.5,3.77798
0.607385811,3.194,1210.1,3.53745
0.615763547,3.151,1160.4,3.54449
0.614250614,3.137,1149.5,3.50812
0.614326084,3.165,1182.9,3.49345
0.615043976,3.206,1141.4,3.46412
0.613045611,3.181,1149.4,3.39666
0.614703713,3.219,1150,3.33799
0.61244488,3.215,1158,3.49052
0.618773591,3.152,1151.7,3.51692
0.618620476,3.135,1132.6,3.44066
0.622858922,3.179,1118.5,3.24413
0.626134869,3.252,1134.5,3.27346
0.626409421,3.301,1141.8,3.23768
0.62676277,3.323,1155.7,3.32333
0.626880642,3.323,1154.7,3.37319
0.625,3.352,1129.7,3.34386
0.628733103,3.36,1121.9,3.3028
0.6222001,3.381,1117.3,3.3028
0.618543948,3.398,1120,3.35559
0.618543948,3.388,1122,3.33799
0.620616893,3.393,1143.4,3.31453
0.62535176,3.386,1168.5,3.43186
0.624219725,3.383,1165.1,3.41426
0.627628193,3.375,1160.6,3.22653
0.624180763,3.386,1161.8,3.19544
0.620616893,3.361,1178.8,3.22653
0.619156709,3.313,1178.1,3.24413
0.614137444,3.316,1188.5,3.22947
0.612144956,3.309,1194.5,3.24413
0.614930513,3.273,1153.9,3.26173
0.611508592,3.249,1184.5,3.36733
0.611284308,3.279,1164.4,3.47879
0.613421666,3.24,1162.6,3.41426
0.617283951,3.219,1125.8,3.40839
0.620616893,3.208,1115.5,3.44652
0.615384615,3.222,1147.2,3.50225
0.619425173,3.203,1123.9,3.57558
0.618199802,3.209,1111.1,3.58438
0.619463545,3.211,1111.4,3.68411
0.625508225,3.199,1128.9,3.72518
0.627077193,3.187,1155.3,3.74278
0.625429983,3.2,1166.3,3.68411
0.628377529,3.228,1133.4,3.7023
0.634236063,3.186,1088.1,3.81024
0.639386189,3.119,1108.7,3.89824
0.642178269,3.136,1090.3,3.91056
0.637186186,3.173,1101,3.86011
0.640656032,3.211,1096.4,3.88357
0.637104995,3.235,1120.8,3.71051
0.636983247,3.198,1116.4,3.74278
0.638447296,3.202,1151,3.75451
0.633512829,3.205,1169.1,3.80731
0.637795778,3.197,1166.2,3.75451
0.648130145,3.237,1145.8,3.72811
0.646328852,3.283,1145.8,3.79557
0.64511967,3.274,1140.4,3.72518
0.647500648,3.197,1128.5,3.73984
0.648760867,3.141,1144.6,3.83371
0.656167979,3.112,1155,3.82491
0.656124926,3.109,1166.7,3.66945
0.667913438,3.114,1143.6,3.70816
0.665646009,3.116,1185.8,3.74864
0.662163952,3.133,1166.5,3.66651
0.665335995,3.132,1157.6,3.59025
0.660763843,3.148,1159.6,3.64011
0.664716831,3.162,1149.6,3.70758
0.666089389,3.136,1173,3.54332
0.668181211,3.148,1135.1,3.49052
0.663746183,3.178,1132.8,3.54332
0.657678395,3.175,1128,3.46706
0.664628473,3.155,1157,3.56972
0.656340247,3.151,1152.3,3.40839
0.652997257,3.116,1144.4,3.27346
0.655651718,3.117,1151.5,3.2852
0.666045025,3.11,1131.4,3.57265
0.661813369,3.079,1125.8,3.58732
0.665734638,3.057,1130.4,3.56385
0.671276096,3.074,1111.1,3.67238
0.673491379,3.131,1141.6,3.69585
0.671231038,3.154,1130.5,3.49052
0.667111408,3.142,1133.6,3.58438
0.662866234,3.115,1129.4,3.49052
0.658067913,3.095,1137.5,3.52865
0.653851183,3.096,1176.7,3.49345
0.657505424,3.096,1171.4,3.54919
0.654321795,3.096,1156.1,3.35559
0.656340247,3.147,1161.5,3.39959
0.656900742,3.12,1174.6,3.40252
0.65376569,3.096,1176.3,3.46119
0.650533437,3.151,1187.4,3.39666
0.650702759,3.184,1181.3,3.40546
0.650237337,3.156,1178.8,3.33213
0.646161799,3.14,1180.4,3.40546
0.64683053,3.125,1185.3,3.37319
0.650914535,3.094,1161.9,3.22653
0.652230629,3.077,1160.9,3.22653
0.650956907,3.101,1164.8,3.22653
0.648760867,3.082,1172.9,3.22653
0.651847989,3.058,1167.8,3.32039
0.650321909,3.07,1180.8,3.42012
0.646161799,3.047,1178.5,3.41719
0.655307995,2.99,1178.5,3.51927
0.65824118,2.974,1178.5,3.49639
0.651720542,3.007,1178.5,3.54332
0.654878847,2.98,1178.5,3.67238
0.656038837,3.048,1209.6,3.59612
0.660720185,2.977,1198.6,3.54332
0.662339383,2.883,1202.3,3.53745
0.671231038,2.838,1236.1,3.42599
0.67549311,2.77,1238.1,3.51985
0.674036128,2.956,1229.6,3.46999
0.6687174,2.916,1261.2,3.40252
0.673491379,2.942,1271,3.34973
0.685307018,2.937,1261.5,3.47292
0.688041833,2.862,1262.7,3.47879
0.691276096,2.867,1251.8,3.45532
0.70136064,2.839,1250.3,3.47585
0.693288963,2.777,1220.1,3.65478
0.694637399,2.731,1208.4,3.67825
0.691802145,2.669,1204,3.69585
0.695023631,2.654,1249.9,3.68411
0.694878744,2.577,1224.7,3.78091
0.694782186,2.645,1266.1,3.78384
0.686436024,2.694,1239.3,3.70171
0.69170644,2.685,1269.1,3.64598
0.689274883,2.668,1271.5,3.66651
0.681802686,2.679,1252.4,3.64305
0.681663258,2.658,1249.4,3.58438
0.682920167,2.694,1262.6,3.71344
0.691850007,2.61,1244.2,3.81259
0.690846287,2.587,1270.6,3.88357
0.692233144,2.528,1262.1,4.07716
0.687379709,2.558,1287.3,4.04783
0.679071031,2.603,1274.8,4.03023
0.687237991,2.596,1254.8,4.12996
0.678610206,2.631,1249,4.22089
0.675675676,2.677,1260.4,4.30595
0.679809653,2.671,1287,4.29129
0.675082698,2.677,1273.2,4.1546
0.674536256,2.714,1285.6,4.23556
0.677323219,2.758,1261.5,4.18276
0.675219446,2.7,1294.4,4.06543
0.667913438,2.659,1291.2,3.99503
0.669792364,2.612,1300.6,3.9833
0.663966536,2.61,1311.4,4.0537
0.66203244,2.602,1295.5,3.98917
0.664187035,2.551,1296.6,4.0889
0.668538575,2.575,1269.7,4.05956
0.659500099,2.581,1229.6,3.99503
0.657721652,2.577,1237.6,3.9305
0.662427133,2.551,1263.9,3.91877
0.659804698,2.588,1218.3,3.81376
0.658414538,2.587,1257.5,3.79851
0.659891778,2.616,1224.4,3.71931
0.663878377,2.646,1236.6,3.69585
0.665335995,2.589,1225.7,3.62017
0.657894737,2.637,1240,3.69585
0.65535094,2.657,1235.8,3.73398
0.648298217,2.679,1236.1,3.77211
0.653381248,2.632,1245.6,3.80144
0.657030223,2.647,1209.3,3.79557
0.654022237,2.64,1219.6,3.71051
0.658501251,2.642,1239.8,3.66651
0.654236179,2.653,1222.6,3.66651
0.648130145,2.707,1214.6,3.78091
0.646036566,2.748,1207.9,3.76624
0.641436818,2.766,1186.5,3.79557
0.641354541,2.753,1188.3,3.81024
0.640573954,2.723,1193.8,3.81317
0.637145588,2.679,1209.2,3.74864
0.629405841,2.701,1208.3,3.73104
0.627352572,2.635,1213.8,3.76038
0.629485081,2.6,1222.7,3.69878
0.629881582,2.576,1222.8,3.59612
0.627431296,2.536,1233.2,3.64305
0.628891265,2.526,1255.6,3.62545
0.632351081,2.538,1230.6,3.56092
0.639467963,2.441,1224.6,3.51692
0.641272284,2.425,1242.5,3.59025
0.641272284,2.402,1241.9,3.55798
0.638977636,2.338,1252.2,3.51985
0.642178269,2.361,1253.5,3.58673
0.642632222,2.327,1257.9,3.56092
0.642095801,2.306,1259.3,3.61371
0.643666323,2.276,1283,3.7375
0.645494449,2.286,1254.3,3.75451
0.649055624,2.205,1257.3,3.76624
0.646161799,2.157,1267.1,3.86011
0.644329897,2.152,1265.8,3.80144
0.643956469,2.165,1263.8,3.76038
0.646245315,2.146,1265.4,3.83077
0.651847989,2.109,1265.4,3.82784
0.647416807,2.202,1272.5,3.79851
0.64968815,2.268,1280.2,3.81259
0.647165415,2.336,1304.8,3.81317
0.650999284,2.331,1306.9,3.76624
0.651380928,2.263,1285.6,3.7551
0.646245315,2.268,1284.6,3.77211
0.648760867,2.33,1273.5,3.80144
0.651211253,2.378,1273.7,3.80144
0.650026001,2.435,1273.3,3.76038
0.643583473,2.368,1301,3.80085
0.639549757,2.4,1296.3,3.78971
0.640861318,2.47,1302.5,3.83019
0.639754334,2.448,1304.1,3.84837
0.643086817,2.474,1307.1,3.67238
0.639713408,2.454,1315,3.68118
0.639304437,2.342,1319.4,3.61958
0.63852883,2.297,1351.4,3.54332
0.631911532,2.351,1356.4,3.61958
0.632511069,2.275,1325.1,3.63718
0.632631113,2.242,1367.8,3.56972
0.632751202,2.251,1337.1,3.63718
0.635647089,2.286,1336.6,3.60961
0.632071298,2.288,1345.6,3.62252
0.632591093,2.248,1343.4,3.50225
0.628456511,2.285,1369.9,3.43772
0.630318311,2.223,1409.1,3.48465
0.629802242,2.264,1395.5,3.46119
0.626487909,2.261,1373.3,3.43479
0.629881582,2.27,1378.8,3.37026
0.632791242,2.29,1379.1,3.31453
0.627628193,2.278,1397.8,3.39372
0.625508225,2.312,1440.8,3.40076
0.62535176,2.391,1428.5,3.42599
0.628693575,2.387,1399.9,3.35559
0.638732754,2.401,1356.6,3.36733
0.630954634,2.445,1372.4,3.38786
0.636253738,2.493,1352.3,3.47879
0.637592451,2.466,1353.5,3.48759
0.636537237,2.457,1368.7,3.49052
0.63123343,2.515,1400.5,3.44359
0.633272117,2.575,1351,3.42599
0.626487909,2.562,1368.8,3.38493
0.62336367,2.51,1419.5,3.34973
0.622742558,2.48,1378.4,3.34562
0.623830318,2.475,1384.1,3.34679
0.620886626,2.415,1369.8,3.34386
0.614401573,2.392,1412.4,3.34445
0.617894217,2.414,1422.9,3.31453
0.62053987,2.397,1435.6,3.31453
0.625,2.451,1433.1,3.29399
0.620308914,2.457,1428.1,3.31453
0.621040864,2.43,1434.3,3.33213
0.620501365,2.533,1391.8,3.37612
0.623402531,2.574,1429.5,3.36733
0.629485081,2.601,1398,3.3116
0.628180162,2.614,1362.1,3.2852
0.623014142,2.693,1379.4,3.1972
0.625664769,2.703,1380.1,3.15261
0.627273868,2.631,1388.6,3.22653
0.632911392,2.572,1402.4,3.26173
0.633312223,2.683,1400.4,3.29399
0.634598299,2.71,1437.1,3.29106
0.641354541,2.74,1425.7,3.36146
0.643128175,2.746,1428.4,3.31453
0.642219511,2.682,1445.9,3.45239
0.640573954,2.801,1416.2,3.37319
0.641272284,2.816,1416.6,3.39548
0.634075201,2.854,1435.3,3.32626
0.636537237,2.864,1444.3,3.27933
0.634799721,2.952,1438.3,3.28813
0.63315183,3.022,1410.1,3.27933
0.633954609,2.954,1413.8,3.32333
0.632791242,2.969,1448.9,3.34386
0.630517024,2.967,1425.8,3.35559
0.634397006,3.034,1431.4,3.38199
0.642714827,3.038,1444.9,3.40839
0.639754334,3.052,1394.3,3.44945
0.643749195,3.023,1404.6,3.48407
0.644911647,2.988,1448.8,3.42012
0.646621403,2.997,1415.1,3.40252
0.649097754,2.952,1413,3.40839
0.647458725,2.981,1405.5,3.37261
0.647668394,2.982,1447.7,3.39666
0.64758451,3.015,1409.8,3.41426
0.651296079,2.99,1434.5,3.47879
0.645078054,3.018,1439.6,3.64305
0.647836227,2.954,1469.5,3.54919
0.640573954,2.958,1447,3.69291
0.645661157,2.92,1444.8,3.56678
0.641148939,2.897,1443.6,3.60785
0.644662197,2.968,1399.6,3.64305
0.647249191,2.905,1400.4,3.69526
0.643210909,2.864,1397.3,3.66651
0.641477965,2.88,1401.4,3.68998
0.64073813,2.914,1446.8,3.74571
0.63500127,3.054,1450.5,3.67297
0.631193587,3.033,1409,3.63542
0.630119723,3.048,1389,3.65478
0.629009938,3.044,1424.7,3.55505
0.626644943,3.106,1392.8,3.47292
0.626017278,3.106,1397.3,3.28813
0.628614534,3.158,1379.1,3.31453
0.625,3.176,1402.7,3.34973
0.625703917,3.147,1403.6,3.32039
0.632271118,3.13,1391,3.36146
0.627667587,3.194,1359.8,3.39079
0.627943485,3.202,1373.4,3.36733
0.630517024,3.152,1362.9,3.35735
0.624024961,3.168,1354.7,3.34386
0.619770685,3.222,1398.8,3.35853
0.617207752,3.249,1361.1,3.37906
0.619809099,3.212,1377.7,3.40252
0.620770998,3.263,1376.1,3.29693
0.62007813,3.25,1376.9,3.2676
0.62250996,3.269,1426.4,3.25
0.621118012,3.305,1389.4,3.2236
0.621272366,3.313,1388.6,3.1796
0.624726682,3.295,1421.3,3.29106
0.624024961,3.296,1389.3,3.18547
0.619770685,3.283,1437.4,3.20893
0.621426796,3.239,1435.9,3.11507
0.618199802,3.177,1412.1,3.00361
0.615271027,3.236,1415,2.89801
0.616256856,3.179,1471.5,2.76308
0.618888476,3.147,1464.7,2.75135
0.616029077,3.131,1436.9,2.59765
0.619463545,3.137,1467.2,2.46976
0.62042437,3.139,1437,2.55189
0.614665929,3.166,1471.1,2.60997
0.61515748,3.171,1458.3,2.58709
0.612407373,3.2,1461.8,2.54603
0.614439324,3.323,1444.8,2.54016
0.61462815,3.266,1455.8,2.55189
0.617436404,3.284,1464.4,2.54309
0.618735305,3.309,1456.7,2.63109
0.617207752,3.29,1459.5,2.58181
0.62250996,3.248,1441.3,2.55776
0.621890547,3.223,1451.1,2.4815
0.618390947,3.229,1454.1,2.5079
0.623014142,3.132,1425.9,2.44043
0.619463545,3.083,1425.1,2.48736
0.623558022,3.154,1431.6,2.45803
0.616029077,3.181,1446.3,2.4463
0.619540301,3.239,1456.4,2.32897
0.615839389,3.255,1455.3,2.26268
0.613195977,3.218,1468.9,2.29846
0.611321677,3.258,1454.1,2.2615
0.615498246,3.294,1456.7,2.31137
0.620347395,3.287,1483.9,2.20577
0.62336367,3.352,1446.5,2.18626
0.625703917,3.33,1450.8,2.24419
0.624219725,3.365,1502.1,2.38354
0.621813207,3.374,1492.2,2.41287
0.624102852,3.374,1462.3,2.34687
0.620693936,3.396,1520.8,2.3014
0.620578379,3.44,1489.3,2.32487
0.613346418,3.427,1488.9,2.29846
0.612594952,3.484,1540.3,2.3102
0.612857756,3.5,1529,2.39821
0.610388818,3.44,1516.5,2.37621
0.612070021,3.422,1522.9,2.38354
0.61500615,3.438,1540.5,2.3256
0.614326084,3.374,1553.5,2.28453
0.61098552,3.242,1564.2,2.28453
0.61244488,3.286,1564.8,2.24933
0.614817092,3.312,1568.8,2.28673
0.612219909,3.27,1538.3,2.21486
0.61001647,3.27,1576.7,2.22879
0.605363521,3.27,1579,2.25666
0.605730208,3.238,1570.4,2.23686
0.606354596,3.284,1558.1,2.34687
0.605766901,3.261,1605.9,2.29553
0.600708836,3.241,1632.9,2.26473
0.600744924,3.247,1624.7,2.14298
0.598408234,3.258,1603.1,2.03884
0.600853212,3.303,1547.5,2.15399
0.606464916,3.211,1496.3,2.19212
0.606538485,3.152,1521.9,2.18919
0.60971892,3.105,1581.5,2.32487
0.611022852,3.139,1547.4,2.3102
0.609533098,3.11,1536.6,2.24419
0.611172228,3.139,1532.5,2.23246
0.611022852,3.088,1521.6,2.16352
0.614514841,3.112,1522.4,2.01464
0.617398284,3.097,1548.6,1.99337
0.617360168,3.125,1564,1.96477
0.615346748,3.116,1561.5,1.8841
0.61896509,3.07,1543.5,1.89583
0.616218881,3.025,1585.2,1.75282
0.616104984,3.046,1595.5,1.77335
0.622122683,3.048,1595.7,1.87016
0.618046972,2.986,1590.7,2.08285
0.614175163,2.989,1605.9,2.05204
0.61001647,2.986,1608.4,1.97284
0.605766901,3.029,1565.2,1.9435
0.606060606,2.972,1613.5,1.83496
0.607312037,3.023,1604.2,1.85476
0.612070021,3.053,1573.4,2.07551
0.61076162,3.011,1613.3,1.8775
0.608790941,3.077,1576.2,1.72495
0.6114712,3.047,1606.7,1.74328
0.608272506,3.05,1615.1,1.5108
0.609607413,2.961,1601.9,1.5548
0.610649731,2.971,1583.9,1.5108
0.616256856,3.016,1594.4,1.67214
0.61098552,2.937,1601.1,1.51446
0.610798925,2.913,1597.9,1.56947
0.617283951,2.946,1607.3,1.64794
0.618697024,2.958,1570.9,1.69195
0.617512659,2.984,1577.3,1.61494
0.61591525,2.961,1618.4,1.53867
0.616522811,2.877,1589.7,1.39932
0.62305296,2.828,1530.6,1.38612
0.624141805,2.893,1525.6,1.41765
0.626644943,2.957,1529.5,1.40445
0.625508225,2.988,1538.8,1.44406
0.625508225,3.012,1531.8,1.47706
0.622432466,3.024,1554,1.46533
0.624219725,3.014,1564,1.51813
0.622122683,2.984,1546.1,1.49686
0.621697233,2.933,1560.1,1.52033
0.622587474,2.967,1561.4,1.46753
0.624297665,2.83,1574.7,1.38905
0.626017278,2.664,1624,1.31278
0.622742558,2.679,1642.8,1.32011
0.628930818,2.726,1653.4,1.37805
0.627904056,2.742,1617.2,1.33405
0.617894217,2.691,1623.6,1.22404
0.619041723,2.656,1678.6,1.1573
0.619732276,2.68,1656.1,1.14337
0.622277536,2.766,1671.3,1.19837
0.62007813,2.881,1620.8,1.29298
0.618543948,2.817,1633.9,1.24677
0.612745098,2.763,1687.6,1.21157
0.613496933,2.749,1692.3,1.25631
0.614212886,2.659,1647.3,1.18004
0.609087587,2.64,1646.5,1.14043
0.612557427,2.544,1657.8,1.18004
0.611246944,2.472,1653.3,1.31865
0.608790941,2.411,1686,1.39565
0.612932884,2.414,1696.8,1.39345
0.614326084,2.313,1683.8,1.47413
0.608383525,2.36,1692.4,1.33478
0.615763547,2.272,1747.3,1.23944
0.609979261,2.363,1797.1,1.28271
0.612745098,2.198,1821.5,1.30324
0.613346418,2.29,1782.8,1.36852
0.620616893,2.334,1775.3,1.30398
0.616180911,2.325,1798,1.35312
0.614175163,2.321,1821,1.30178
0.610575162,2.235,1825.6,1.34945
0.608161528,2.083,1862.3,1.28931
0.604814322,2.099,1884.6,1.26438
0.606869766,2.112,1928,1.1529
0.607275156,2.117,1869.3,1.1881
0.607644164,2.179,1786.4,1.1771
0.606207565,2.188,1802.1,1.19177
0.611022852,2.152,1849.3,1.25411
0.61383586,2.224,1813.3,1.27611
0.610948192,2.149,1872.4,1.26878
0.609830467,2.221,1906,1.32378
0.613045611,2.157,1863.5,1.5108
0.615536132,2.012,1917.3,1.38759
0.617512659,1.869,1986.9,1.27024
0.616636863,1.849,1916.4,1.21451
0.621542669,1.898,1850.4,1.18077
0.626880642,1.879,1905.2,1.27464
0.626174076,1.777,1885.5,1.23357
0.626684214,1.737,1848.8,1.21524
0.629683269,1.783,1874,1.20497
0.631034265,1.867,1845,1.09789
0.633593107,1.933,1825.5,1.13603
0.634075201,1.857,1845.9,1.21964
0.632991518,1.797,1813,1.15217
0.633232016,1.788,1838,1.11403
0.638080653,1.769,1821.3,1.11183
0.63556629,1.69,1765.1,1.06342
0.645202916,1.745,1675.6,1.06342
0.649857031,1.825,1688.6,1.00255
0.647416807,1.954,1679.9,0.86467
0.643004115,1.983,1637.9,0.86834
0.639672488,2.008,1647.5,0.90428
0.643086817,1.886,1654,0.96295
0.640656032,1.814,1679.7,0.98202
0.641683778,1.719,1640,0.96442
0.648004147,1.84,1711.1,1.02676
0.646621403,1.942,1680.8,1.00842
0.64653779,2.005,1671.4,1.04876
0.6477523,2.087,1707.3,1.01209
0.642756138,2.085,1741.4,1.04142
0.639140995,2.191,1715.2,1.05682
0.641848524,2.111,1700.1,0.93875
0.63556629,2.198,1714.6,0.98202
0.635162602,2.1,1703.9,0.89474
0.632151211,2.01,1694.3,0.85367
0.635041595,2.068,1674.3,0.90281
0.63682099,2.009,1650.1,0.96808
0.634034999,2.116,1671.3,0.92921
0.632911392,2.117,1684.4,0.93288
0.626919942,2.062,1738,0.97908
0.625117209,2.037,1755.5,0.98275
0.624882834,2.21,1780.8,1.00255
0.626134869,2.196,1777,0.97982
0.62119518,2.037,1756.3,0.98715
0.62007813,1.743,1796,0.96882
0.622045285,1.844,1814.7,0.93581
0.627352572,1.901,1844.9,0.94168
0.628614534,1.821,1792.7,0.95782
0.623635797,1.804,1828.1,0.98935
0.623674691,1.798,1826.9,0.98202
0.622548714,1.707,1811.5,0.94461
0.62119518,1.737,1793.9,0.89474
0.628496009,1.853,1869.4,0.90134
0.627431296,1.815,1857.6,0.88374
0.622471211,1.767,1814.7,0.91601
0.629009938,1.81,1809.9,0.97542
0.632791242,1.873,1752.6,1.02602
0.636658815,1.969,1759.6,1.01575
0.63496095,1.885,1712.5,1.06269
0.632671138,1.936,1776.4,1.02676
0.639467963,2.024,1722.7,1.05462
0.639100147,2.19,1771.8,1.20864
0.644288383,2.262,1756.5,1.27098
0.646120049,2.33,1746.5,1.47119
0.647668394,2.355,1795.5,1.39345
0.645244548,2.281,1825.9,1.41545
0.641190049,2.246,1823.2,1.36632
0.636780438,2.17,1827.4,1.37512
0.637633106,2.212,1800.3,1.33845
0.641148939,2.21,1803.8,1.35385
0.639263568,2.065,1776.6,1.37952
0.640943469,2.054,1786.7,1.38685
0.637023825,2.111,1792.8,1.39419
0.639631572,2.044,1698.1,1.38612
0.638121371,2.073,1727.6,1.45946
0.642095801,1.957,1644.1,1.57534
0.646078305,1.941,1637.2,1.58047
0.646328852,1.876,1625.9,1.56213
0.644205373,1.889,1665.7,1.53207
0.643293664,1.961,1646.8,1.5372
0.644828476,1.942,1686.5,1.48146
0.638243554,1.94,1679.4,1.5196
0.638243554,1.948,1637.6,1.5548
0.637836459,1.948,1678.8,1.5988
0.641560275,1.923,1624.3,1.5482
0.63991809,1.902,1593.4,1.42279
0.638447296,1.867,1577.4,1.43012
0.6477523,1.816,1598.3,1.42279
0.6486767,1.901,1637.5,1.40079
0.643086817,1.913,1676.7,1.37438
0.64441294,1.903,1646,1.36558
0.639222705,1.856,1654.5,1.43086
0.64061499,1.85,1650,1.44112
0.645202916,1.86,1684.1,1.38245
0.648256191,1.867,1664.6,1.27904
0.646914219,1.819,1670.3,1.37732
0.646328852,1.824,1719.8,1.42059
0.652060511,1.764,1667.4,1.34138
0.651847989,1.773,1718.7,1.35605
0.65282674,1.791,1687.1,1.40372
0.65269891,1.779,1691.7,1.42279
0.651932981,1.829,1727.8,1.41326
0.648130145,1.936,1738.5,1.43599
0.645786245,1.983,1710.8,1.45653
0.642013354,1.992,1698.8,1.43086
0.642013354,1.969,1733.8,1.42572
0.640040963,1.88,1802.6,1.38319
0.638651169,1.859,1770.4,1.43379
0.637917836,1.798,1765.8,1.44259
0.635808749,1.809,1773.2,1.43086
0.636699351,1.836,1823.6,1.39859
0.634517766,1.849,1792.1,1.38905
0.631034265,1.941,1770.5,1.40812
0.632791242,1.902,1756.1,1.40079
0.632351081,1.939,1717.1,1.34212
0.632431065,1.982,1766.6,1.31571
0.629207827,2.015,1764.3,1.27611
0.632511069,1.947,1795.8,1.27611
0.632431065,1.924,1758.8,1.26144
0.634678853,1.909,1748.8,1.20937
0.636051393,1.861,1760.6,1.27464
0.63734863,1.879,1807.8,1.26438
0.637551801,1.929,1758.2,1.2035
0.632711167,1.962,1814.1,1.17343
0.631791761,1.963,1792.1,1.24017
0.631711939,1.923,1812.5,1.20057
0.633272117,1.887,1820.4,1.1749
0.638162093,1.881,1810.4,1.19544
0.635162602,1.828,1804.8,1.14483
0.630040323,1.792,1863.3,1.13823
0.631672036,1.834,1793.5,1.18004
0.62810125,1.865,1756,1.15143
0.62810125,1.805,1746.2,1.20937
0.626566416,1.809,1738.5,1.19837
0.631552356,1.779,1706,1.20864
0.629960942,1.776,1760.4,1.17637
0.636132316,1.788,1731.9,1.12283
0.635647089,1.801,1746.3,1.06709
0.632031349,1.75,1734,1.16537
0.637999234,1.82,1743,1.12943
0.638936809,1.933,1674.5,1.13677
0.636780438,1.969,1692.8,1.1287
0.638936809,2.049,1733.6,1.1221
0.63682099,2.04,1695.8,1.1111
0.631153749,2.05,1681,1.04876
0.629485081,1.985,1684.5,1.04876
0.630397781,1.916,1676,1.00402
0.629960942,1.873,1697.6,1.02602
0.631991405,1.944,1725.8,1.06123
0.630119723,1.882,1714.7,1.04142
0.626566416,1.834,1694,1.04582
0.626841346,1.803,1692.5,1.02969
0.62924742,1.805,1702.4,1.02895
0.626644943,1.798,1712.4,0.99742
0.624687656,1.812,1677.6,0.98862
0.623596907,1.798,1651.8,0.97542
0.628733103,1.74,1663.4,0.97542
0.628812174,1.731,1660.6,0.95121
0.631751848,1.731,1676,0.95928
0.630040323,1.66,1694.2,0.97908
0.628693575,1.712,1690.4,1.00255
0.630755645,1.784,1710.3,1.03409
0.628022358,1.729,1688.4,1.09643
0.626644943,1.717,1684.6,0.99742
0.630994447,1.754,1683.4,0.99009
0.628970375,1.724,1671.5,0.97908
0.628140704,1.701,1673.8,0.99009
0.624141805,1.723,1717.7,1.08469
0.62289772,1.639,1671,0.99669
0.620116582,1.698,1673.8,1.02895
0.620039683,1.742,1675.3,1.02749
0.619578686,1.686,1690.6,1.01502
0.61850569,1.696,1696.4,1.02602
0.618199802,1.664,1698.1,1.00549
0.614741501,1.672,1696.5,0.99302
0.616029077,1.604,1686,0.97908
0.616522811,1.611,1668.4,0.95928
0.617245849,1.587,1677.3,0.97982
0.617970585,1.576,1670.5,1.01209
0.61896509,1.554,1639.1,1.00475
0.617550794,1.503,1621.4,0.97248
0.618888476,1.547,1626.8,0.95048
0.619847518,1.526,1611.9,0.92995
0.619386807,1.44,1591.8,0.92041
0.622161389,1.467,1575.6,0.91821
0.621388181,1.503,1610.2,0.92261
0.625156289,1.431,1604.6,0.91088
0.628417018,1.425,1624.5,0.91235
0.633071664,1.446,1622.8,0.91088
0.632231144,1.478,1602.8,0.89108
0.631711939,1.384,1592.9,0.89841
0.634397006,1.395,1590.5,0.90428
0.637429883,1.376,1603.7,0.87568
0.638080653,1.36,1644.8,0.84561
0.63852883,1.368,1584.9,0.82507
0.637673766,1.286,1597.1,0.83314
0.63934531,1.219,1596.1,0.90061
0.645953104,1.178,1656.8,0.91235
0.64913989,1.223,1652.5,0.94461
0.650914535,1.22,1649.8,0.92848
0.650152786,1.292,1653.8,0.94095
0.650152786,1.382,1621.4,0.87788
0.645494449,1.316,1624,0.93141
0.643956469,1.325,1632.1,0.93068
0.646245315,1.403,1642,0.92628
0.645994832,1.489,1649.6,0.95708
0.642013354,1.481,1655.8,0.89841
0.644745326,1.434,1660,0.87568
0.642880103,1.415,1659,0.86541
0.636253738,1.51,1652.8,0.86321
0.638162093,1.629,1639.4,0.87347
0.635930048,1.542,1639.4,0.89768
0.636253738,1.577,1601,0.92701
0.641436818,1.469,1615.4,0.90868
0.641436818,1.516,1603.6,0.93068
0.642137032,1.56,1607.1,0.93655
0.639427073,1.503,1584.9,0.92335
0.642260758,1.605,1673.5,0.93508
0.644662197,1.511,1671.2,0.93435
0.636577758,1.517,1693.2,0.92775
0.637104995,1.47,1689.1,0.92041
0.637429883,1.407,1678.2,0.90794
0.641231164,1.337,1654,0.92408
0.644080897,1.32,1661.5,0.91601
0.645577792,1.328,1639.8,0.90941
0.643997939,1.282,1604.9,0.91675
0.644496004,1.245,1606.2,0.95782
0.645036445,1.263,1621.4,1.02602
0.648298217,1.22,1622.8,1.04949
0.642054575,1.234,1616.3,1.08176
0.639549757,1.208,1607.4,1.15437
0.638773555,1.221,1612.8,1.18004
0.638814361,1.162,1616.4,1.15803
0.635970491,1.174,1608.4,1.20057
0.640163882,1.247,1611.1,1.18443
0.644870059,1.261,1636.1,1.1705
0.644911647,1.329,1649.3,1.1463
0.645286184,1.392,1696.5,1.1309
0.637470517,1.394,1655.8,1.11183
0.63496095,1.292,1646.6,1.06929
0.636496722,1.395,1635.3,1.05242
0.637877145,1.284,1620.5,1.04656
0.643666323,1.412,1634.9,1.01649
0.64457909,1.391,1645,1.04362
0.639263568,1.48,1644.4,1.05682
0.640902391,1.409,1646.4,1.05462
0.640163882,1.453,1649.7,1.05976
0.638773555,1.375,1652.8,1.05536
0.639427073,1.408,1643.1,1.03482
0.637308011,1.468,1632,1.02822
0.637592451,1.547,1636.8,1.02895
0.637877145,1.528,1648,1.06342
0.637592451,1.494,1648.3,1.08469
0.63556629,1.495,1654.4,1.11036
0.636942675,1.555,1711.5,1.1507
0.636496722,1.464,1687.3,1.1551
0.633552965,1.366,1704,1.16097
0.629683269,1.333,1703,1.10743
0.630556782,1.357,1699.3,1.14997
0.632431065,1.343,1700.3,1.12943
0.63315183,1.375,1690.2,1.1133
0.632191175,1.323,1691,1.08616
0.631592244,1.347,1723.4,1.08543
0.633472697,1.353,1726.2,1.06783
0.630278583,1.374,1732.2,1.1089
0.629445459,1.412,1726.4,1.09056
0.630119723,1.554,1735.3,1.11696
0.628851717,1.527,1770.3,1.1111
0.627667587,1.548,1762.6,1.1155
0.624765713,1.542,1766.8,1.14923
0.625390869,1.643,1766,1.10376
0.622277536,1.56,1800.9,1.04729
0.620848078,1.71,1807.6,0.97468
0.619003405,1.688,1791.8,0.99228
0.616636863,1.63,1804.3,0.99595
0.615422488,1.599,1851.2,0.96075
0.615611918,1.572,1803.3,0.95855
0.616446801,1.603,1854.3,0.93141
0.616674889,1.565,1845,0.95708
0.616218881,1.564,1796.6,0.93508
0.616522811,1.463,1786,0.95928
0.617741537,1.454,1813.6,1.00695
0.61858221,1.423,1806.8,0.98862
0.615877317,1.479,1810.5,1.00109
0.61858221,1.461,1855.4,0.99302
0.619924369,1.446,1859,1.00475
0.619847518,1.46,1873.4,1.01795
0.622045285,1.524,1813.2,1.01429
0.617627077,1.478,1811.5,1.00035
0.619693871,1.496,1800,1.02382
0.623947089,1.51,1798.8,1.03189
0.624882834,1.516,1803.2,1.03922
0.624804749,1.46,1790.8,1.03629
0.623247117,1.461,1772.3,1.00769
0.6222001,1.543,1781.3,1.01722
0.622238815,1.628,1784.2,1.03996
0.620693936,1.609,1821.1,1.04069
0.619271736,1.604,1756.1,1.04509
0.623247117,1.625,1762,1.06562
0.624804749,1.569,1741,1.10816
0.624414611,1.571,1737.4,1.08836
0.626841346,1.598,1747.3,1.07076
0.623519142,1.539,1747.1,1.05536
0.62042437,1.478,1743.4,1.05536
0.620925179,1.483,1744.3,1.05536
0.623713591,1.483,1755.9,1.05536
0.622083981,1.477,1750.8,1.06196
0.619962802,1.456,1713.3,1.05096
0.619924369,1.419,1719.3,1.05096
0.624024961,1.436,1748.3,1.08836
0.625821391,1.37,1754.3,1.09569
0.625117209,1.367,1764.5,1.08249
0.625547354,1.345,1767.4,1.1177
0.625703917,1.351,1762.6,1.15583
0.629049506,1.336,1760.3,1.17783
0.629881582,1.345,1763.3,1.21671
0.630040323,1.348,1749.1,1.27538
0.631273278,1.332,1747.1,1.22624
0.630238861,1.356,1812.6,1.21597
0.629485081,1.408,1760.9,1.22771
0.628535512,1.431,1807.8,1.21524
0.627904056,1.432,1764.9,1.23064
0.626880642,1.448,1788,1.24604
0.627431296,1.416,1784.1,1.24311
0.623713591,1.427,1776.9,1.22111
0.623947089,1.368,1751.8,1.18443
0.624141805,1.376,1761.9,1.21964
0.624453603,1.37,1744.3,1.22331
0.623402531,1.417,1752.7,1.22331
0.6244926,1.401,1729.8,1.22111
0.62150404,1.347,1727.5,1.17197
0.621079436,1.296,1775.8,1.18297
0.62123377,1.284,1780.2,1.1881
0.623014142,1.298,1790.4,1.10449
0.623519142,1.329,1786.3,1.11623
0.622045285,1.339,1749.2,1.09276
0.62053987,1.35,1728.6,1.07443
0.619233389,1.356,1730.6,1.09643
0.620655412,1.37,1773.8,1.1111
0.618543948,1.419,1745.1,1.10963
0.617131572,1.425,1702.3,1.09789
0.615308885,1.42,1721.9,1.08176
0.615536132,1.382,1688.6,1.1023
0.614250614,1.382,1732.8,1.1177
0.618314475,1.382,1734.3,1.10743
0.620231967,1.382,1693.9,1.07516
0.62007813,1.327,1696.3,1.05976
0.619732276,1.305,1688.4,1.04582
0.621156594,1.305,1710.5,1.04876
0.618390947,1.305,1751.3,1.03922
0.615271027,1.441,1721.6,1.05242
0.615611918,1.471,1696.8,1.03556
0.61515748,1.544,1684.6,1.02162
0.620848078,1.518,1680.3,1.03189
0.6222001,1.49,1693.8,1.03409
0.620578379,1.482,1689.9,1.05536
0.62282013,1.559,1710,1.04509
0.624141805,1.584,1735.4,1.06416
0.618543948,1.552,1743.9,1.06783
0.619847518,1.503,1715.1,1.02309
0.621967906,1.501,1758.5,0.94095
0.622432466,1.541,1723.8,0.88521
0.624726682,1.558,1762.5,0.86541
0.625273557,1.595,1767,0.88228
0.630199143,1.575,1771,0.87421
0.631711939,1.543,1719.6,0.88814
0.631313131,1.573,1728.2,0.88741
0.631074088,1.638,1717.5,0.89034
0.633352334,1.696,1713.1,0.85807
0.632791242,1.693,1697.1,0.85661
0.637145588,1.718,1713.4,0.83241
0.634397006,1.681,1693.9,0.84341
0.632871337,1.666,1703.4,0.84341
0.630636312,1.622,1708.1,0.85074
0.637226789,1.659,1706.3,0.84927
0.634437254,1.633,1711,0.83901
0.638651169,1.606,1731.3,0.84561
0.63848806,1.61,1701.8,0.84047
0.636294222,1.61,1682.9,0.83461
0.632991518,1.641,1683.3,0.85001
0.638610384,1.672,1674.9,0.88301
0.638447296,1.636,1666.5,0.87788
0.64337644,1.659,1638,0.85734
0.645411127,1.63,1667.1,0.84414
0.64441294,1.623,1637.6,0.85954
0.646579594,1.663,1600.8,0.84927
0.648340249,1.581,1607.9,0.85441
0.656426415,1.567,1632.1,0.83387
0.655565753,1.579,1622.9,0.79647
0.659500099,1.456,1648.3,7.88401
0.659500099,1.448,1626.8,7.51731
0.661200741,1.46,1607.6,7.66473
0.659674121,1.413,1608.9,7.40804
0.659543596,1.418,1601.6,7.13815
0.664982045,1.45,1607.8,7.48798
0.661594443,1.454,1635.9,7.48064
0.661069611,1.493,1631.9,7.84808
0.665867626,1.524,1610.1,7.95735
0.666045025,1.51,1636.4,7.95002
0.670376081,1.482,1625.8,8.06003
0.670510929,1.475,1621.3,7.77034
0.670960816,1.476,1621.1,7.66399
0.670151454,1.453,1624.1,7.23862
0.663042037,1.406,1637.2,7.07728
0.661550675,1.35,1643,6.98
0.661988614,1.389,1640,7.79
0.662295516,1.363,1647.7,7.46
0.662383255,1.378,1640,7.92
0.659065445,1.339,1637,8.479
0.656555709,1.34,1631.8,8.05
0.659022011,1.276,1639.1,8.13
0.659674121,1.28,1628.1,7.9
0.660894852,1.28,1655.5,7.73
0.658197854,1.28,1631.2,8.142
0.657764915,1.304,1607.4,7.962
0.656641933,1.287,1588.6,8.049
0.662076271,1.25,1585.9,8.01
0.661025912,1.213,1609.7,7.97
0.656383328,1.236,1604.6,7.76
0.652103032,1.262,1617.8,7.77
0.655565753,1.305,1591,7.675
0.652656311,1.309,1593,7.587
0.652273172,1.26,1516.8,7.661
0.650026001,1.248,1391.6,7.575
0.651805501,1.273,1392.1,7.479
0.654236179,1.23,1400.8,7.42
0.650956907,1.234,1415.5,7.502
0.656254102,1.252,1429.2,7.45
0.654450262,1.229,1453.5,7.404
0.656512605,1.252,1441.9,7.538
0.653893938,1.24,1456.6,7.494
0.656254102,1.24,1494,7.435
0.654964632,1.21,1487.4,7.26
0.647962159,1.2,1499.8,7.115
0.646036566,1.207,1503.1,7.05
0.64511967,1.207,1485.8,6.938
0.643790639,1.166,1496.3,6.645
0.642880103,1.245,1498.6,6.709
0.643707757,1.242,1499,6.41
0.642137032,1.296,1481.8,6.085
0.643417836,1.27,1501,5.832
0.645744543,1.268,1488.3,6.35
0.643749195,1.385,1470.8,5.999
0.647291087,1.357,1461,5.83
0.650829808,1.374,1455.5,6.079
0.65368022,1.378,1420.5,6.05
0.657375756,1.331,1416.3,6.146
0.656383328,1.316,1389.3,6.15
0.654835964,1.371,1420.5,6.3
0.65915233,1.398,1404.3,6.485
0.655522779,1.375,1388.3,6.36
0.659848235,1.442,1418.9,6.421
0.66449598,1.43,1410.8,6.58
0.66190098,1.458,1444.7,6.582
0.661069611,1.506,1430.4,6.67
0.662120109,1.54,1420.4,6.78
0.664805212,1.516,1443.4,6.84
0.660894852,1.514,1415.3,6.57
0.656469507,1.518,1439.4,6.52
0.657938022,1.549,1426.5,6.43
0.65269891,1.513,1430.8,6.45
0.653039901,1.535,1440.8,6.771
0.649097754,1.548,1407.8,6.83
0.640943469,1.589,1434.8,6.68
0.642756138,1.605,1428.5,6.45
0.642178269,1.596,1415.7,6.75
0.639018468,1.569,1407.1,7.675
0.637795778,1.513,1416.8,7.913
0.636172785,1.525,1412.4,8.108
0.636739892,1.571,1395.3,8.044
0.636091852,1.562,1386.1,7.94
0.639263568,1.666,1304.8,8.059
0.645744543,1.734,1319.7,8.25
0.644786898,1.823,1309,8.061
0.648592554,1.803,1301.8,7.885
0.647962159,1.764,1251.9,8.102
0.648340249,1.728,1226.2,8.79
0.65295462,1.73,1254.4,8.84
0.655393892,1.719,1279.5,8.91
0.657375756,1.71,1267.6,8.24
0.657159756,1.669,1278.3,8.72
0.659891778,1.652,1276,8.792
0.654493095,1.729,1241.8,8.95
0.663481953,1.701,1280.7,8.927
0.671636779,1.647,1292.9,8.78
0.668851582,1.653,1296.5,8.735
0.672630659,1.622,1310.7,8.62
0.666178136,1.556,1310.6,8.815
0.658544616,1.574,1311.3,8.89
0.66190098,1.548,1338,9.15
0.662295516,1.54,1301.8,9.4
0.659587098,1.514,1329.4,9.45
0.657332545,1.525,1320.7,9.5
0.656598818,1.518,1360.8,9.55
0.654964632,1.552,1391.7,9.47
0.651041667,1.647,1346.1,9.645
0.65066042,1.684,1358.1,9.501
0.65295462,1.668,1360,9.51
0.64968815,1.666,1359.9,9.518
0.650152786,1.666,1353.3,9.307
0.651975486,1.676,1352.1,8.742
0.656297171,1.672,1337.6,8.9
0.657548659,1.654,1334.9,8.55
0.661375661,1.691,1329,8.521
0.654065014,1.703,1310.6,8.79
0.651126449,1.693,1313,8.96
0.651550691,1.679,1337.3,8.739
0.645619472,1.677,1341.4,9.085
0.643583473,1.704,1363.3,8.8
0.64516129,1.812,1349.1,8.702
0.646705038,1.809,1361.8,8.901
0.647291087,1.886,1391.6,9.41
0.64516129,1.875,1399.6,9.155
0.63934531,1.897,1394.4,9.216
0.639795266,1.841,1400.3,9.425
0.639018468,1.883,1399.4,9.74
0.638284292,1.922,1402.7,9.77
0.638610384,1.931,1424.4,9.84
0.641519117,1.898,1426.7,9.838
0.642343268,1.849,1443.8,9.73
0.642013354,1.877,1446.1,9.43
0.643210909,1.861,1436.6,9.7
0.644080897,1.86,1423,9.615
0.64499484,1.906,1420.5,9.37
0.644745326,1.943,1441.9,9.628
0.643252284,1.935,1421.6,9.4
0.642673522,2.04,1397.3,9.475
0.63991809,1.948,1416.2,9.551
0.641395677,1.953,1414.7,9.39
0.639754334,2.03,1393.4,9.351
0.637186186,2.002,1391.1,9.61
0.635525898,2.001,1350.9,10.152
0.632191175,1.973,1345.4,10.48
0.632671138,1.929,1335.7,10.347
0.62992126,1.974,1335.8,10.26
0.629089079,2.005,1384.1,10.165
0.628772636,1.928,1396.8,9.965
0.619348445,1.946,1358.9,10.05
0.623791404,1.918,1349,10.077
0.624765713,1.852,1348.9,10.037
0.62336367,1.824,1362.1,9.862
0.624882834,1.832,1349.1,10.32
0.621890547,1.779,1365.1,10.32
0.623402531,1.78,1356.1,10.371
0.619617077,1.804,1317.2,10.44
0.617817867,1.808,1343.2,10.652
0.617474529,1.809,1343.8,10.81
0.616408802,1.833,1334.9,10.925
0.61896509,1.801,1349.1,10.871
0.624609619,1.813,1345.9,10.38
0.62123377,1.81,1332.1,10.472
0.621735887,1.871,1317.3,10.386
0.62672349,1.86,1295,10.523
0.626370185,1.859,1301.6,10.69
0.62672349,1.911,1306.8,10.95
0.625625626,1.931,1307.9,10.969
0.625078135,1.868,1346.3,10.751
0.626919942,1.835,1342,10.598
0.618658748,1.847,1341.8,11.03
0.618543948,1.797,1368.1,11.2
0.619310089,1.764,1359.8,11.299
0.61591525,1.766,1374.1,11.338
0.618658748,1.754,1380.5,11.28
0.617245849,1.75,1381.9,11.394
0.61858221,1.741,1373,11.394
0.61950192,1.69,1371.7,11.394
0.62316944,1.678,1351.5,11.43
0.623480267,1.693,1339.8,11.71
0.62336367,1.686,1341.9,11.72
0.627904056,1.745,1337,11.72
0.626252505,1.745,1343.6,11.72
0.623247117,1.688,1332.4,11.435
0.621851875,1.761,1311.4,11.3
0.62123377,1.754,1309.1,11.77
0.624297665,1.788,1291.6,12.493
0.625390869,1.737,1296.9,12.9
0.628733103,1.702,1310.8,13.011
0.622742558,1.71,1315.1,13.09
0.622471211,1.685,1299.1,13.475
0.620308914,1.719,1300.7,13.44
0.620732464,1.722,1274.8,13.8
0.620308914,1.741,1269.6,13.55
0.620925179,1.749,1268.6,13.25
0.617283951,1.727,1272.8,13.015
0.616294835,1.693,1266.2,13.195
0.61896509,1.705,1265,12.88
0.616674889,1.701,1271.3,13.36
0.613948919,1.693,1276.6,12.85
0.611920206,1.74,1246.8,12.75
0.61098552,1.726,1245.8,13.17
0.611359051,1.819,1270.5,13.1
0.610053685,1.861,1256.1,13.008
0.610351563,1.837,1250.6,12.77
0.61218243,1.844,1262.9,11.85
0.611658205,1.835,1285.4,12.51
0.608642727,1.824,1282.2,12.618
0.60805059,1.841,1252.9,13.03
0.610687023,1.83,1260.9,13.09
0.611620795,1.835,1268.3,13.03
0.613534573,1.835,1255.3,13.2
0.613572217,1.841,1260.9,13.738
0.614854894,1.876,1220.5,13.625
0.610053685,1.867,1226.5,13.33
0.610873549,1.883,1222.6,13.305
0.612144956,1.883,1228.6,13.144
0.611396429,1.883,1247.4,12.679
0.610649731,1.883,1236.4,13.08
0.611620795,1.951,1238.1,12.909
0.609310261,1.941,1226.8,13.07
0.606759299,1.941,1243.2,13.13
0.605987153,1.941,1248.7,13.02
0.603937674,1.944,1269.8,13.05
0.603646022,1.944,1282.6,12.8
0.607754953,1.906,1265.9,12.36
0.609124688,1.906,1274.3,12.836
0.609570253,1.904,1264.9,13.178
0.609644577,1.91,1253,13.117
0.607976654,1.846,1270.9,12.75
0.606759299,1.817,1298.6,12.64
0.606722485,1.814,1270.1,12.498
0.610426077,1.827,1282,12.423
0.608235509,1.776,1267,12.1
0.610836235,1.755,1297,12
0.6114712,1.74,1298.7,12.387
0.608865075,1.744,1267.6,12.83
0.608568647,1.755,1265.1,12.76
0.606943433,1.717,1309.5,13.24
0.60331825,1.655,1290.2,13.38
0.601069904,1.671,1278.5,12.9
0.606685676,1.677,1295.4,12.9
0.602990835,1.645,1287.9,12.979
0.603172688,1.712,1270,12.99
0.603791813,1.657,1265.6,13.19
0.606612072,1.647,1284.6,13.42
0.60842054,1.649,1298,13.848
0.613308801,1.641,1302.8,14.1
0.612557427,1.694,1302.2,14.133
0.613158379,1.661,1312.3,14.32
0.612670016,1.683,1302.2,14.121
0.609310261,1.687,1335.6,13.86
0.60971892,1.724,1319.1,14.052
0.607902736,1.671,1347.1,13.4
0.602554832,1.687,1365.7,13.065
0.600240096,1.687,1376.8,13.1
0.59715753,1.674,1370.1,12.75
0.598265031,1.663,1342.8,12.88
0.599376648,1.693,1364.1,13.199
0.599484443,1.665,1375,13.199
0.600600601,1.679,1384.9,13.15
0.601793344,1.651,1370.1,13.32
0.600348202,1.615,1375.4,13.35
0.599484443,1.568,1375.6,13
0.599808061,1.627,1369.4,12.68
0.599232982,1.563,1399.7,12.85
0.597193192,1.6,1365.8,13.13
0.599988,1.602,1386.4,12.818
0.600096015,1.652,1399.3,12.82
0.597978832,1.652,1365.8,12.848
0.597371565,1.627,1387.6,12.81
0.598372427,1.64,1374.8,12.7
0.600744924,1.596,1395.4,12.35
0.601793344,1.549,1401.1,12.001
0.601684717,1.545,1431.4,11.662
0.601503759,1.567,1393.3,11.8
0.600744924,1.57,1382.9,11.875
0.601069904,1.598,1355.3,11.602
0.602663774,1.65,1376.3,11.25
0.604521823,1.634,1363.9,11.2
0.605877007,1.585,1356.1,11.01
0.606575276,1.574,1338.1,11.14
0.606134077,1.569,1325.5,11.55
0.604997278,1.535,1337.9,11.455
0.602918124,1.551,1318.9,11.548
0.602010716,1.57,1309.4,11.85
0.601033778,1.581,1325.5,11.96
0.600132029,1.618,1315.6,11.84
0.601359072,1.605,1331.9,11.7
0.601467581,1.552,1349.3,11.76
0.60244593,1.542,1322.8,11.748
0.603136309,1.559,1335.9,11.33
0.60204696,1.579,1335.3,11.489
0.597086219,1.524,1345.6,11.87
0.595486214,1.506,1365.3,12.4
0.595770033,1.53,1353.2,12.51
0.597621467,1.475,1330.1,12.47
0.597764361,1.486,1348.1,12.35
0.597728631,1.515,1340.8,12.43
0.595308965,1.515,1340.7,12.403
0.595486214,1.515,1314.8,12.424
0.594990183,1.543,1328.9,12.45
0.595521677,1.519,1330.8,12.435
0.594388968,1.533,1317.4,12.391
0.59584103,1.485,1346.7,12.1
0.595060994,1.5,1343.3,11.64
0.595060994,1.507,1342.5,11.55
0.594990183,1.47,1337.9,11.876
0.594282998,1.47,1330.5,11.616
0.592662834,1.452,1343.7,11.66
0.591961167,1.46,1356.1,11.49
0.592908811,1.463,1354,11.56
0.592943967,1.472,1315.8,11.65
0.588997526,1.444,1315.2,11.839
0.589831308,1.459,1333.9,11.6
0.590562806,1.464,1322.3,11.485
0.593436591,1.425,1339.8,10.87
0.592838511,1.377,1338.5,11.08
0.594318317,1.308,1328.5,10.832
0.596445187,1.336,1325.5,10.85
0.59562809,1.34,1326.4,10.97
0.594671741,1.355,1327.9,10.8
0.59477785,1.374,1323.5,10.96
0.593894762,1.41,1326.6,10.77
0.591645959,1.413,1325.4,10.952
0.592768228,1.415,1325.8,10.761
0.594106464,1.393,1299.5,10.76
0.593718459,1.336,1290,10.881
0.594883998,1.352,1287.9,11.15
0.598408234,1.355,1279.7,11.298
0.598193456,1.368,1274.6,11.236
0.596943649,1.411,1278.5,11.12
0.59715753,1.438,1275.4,11.119
0.59705057,1.417,1278.3,10.725
0.59747864,1.359,1284.7,10.59
0.594494977,1.38,1278.4,10.735
0.595131822,1.411,1286.4,10.352
0.595131822,1.396,1292.5,10.48
0.596801146,1.387,1306.2,10.29
0.595663569,1.372,1309.3,10.46
0.59073724,1.354,1305.4,10.401
0.589448865,1.405,1303.3,10.641
0.588789449,1.374,1307.3,10.83
0.589414122,1.326,1351.7,10.8
0.588477608,1.348,1348.9,10.83
0.586820022,1.325,1349.8,10.82
0.587820362,1.321,1354,10.979
0.58730252,1.265,1354.3,10.95
0.588720122,1.243,1349.8,11.086
0.588789449,1.263,1351.8,11.15
0.58730252,1.252,1360.8,11.199
0.58702671,1.249,1361.8,11.458
0.584590202,1.285,1361.4,11.72
0.583090379,1.295,1352.7,11.37
0.582546895,1.265,1353.5,11.501
0.582954413,1.258,1344.8,11.428
0.582750583,1.223,1351.3,11.566
0.583873416,1.232,1364.8,11.826
0.583737085,1.2,1369.7,12.38
0.58281851,1.204,1371.7,12.699
0.583703012,1.211,1334.4,12.68
0.583941606,1.208,1319.6,12.362
0.58530875,1.196,1331.6,12.735
0.583328472,1.154,1345.4,12.7
0.583498658,1.159,1344.1,12.49
0.584761125,1.147,1347.1,12.55
0.585205993,1.173,1339,12.67
0.585651537,1.148,1337.9,12.638
0.585994726,1.179,1318.3,12.87
0.586716733,1.147,1336.4,12.839
0.588720122,1.152,1338.1,12.41
0.589136326,1.12,1326.3,12.192
0.588789449,1.168,1322.7,12.215
0.590144585,1.166,1310.5,12.076
0.591226203,1.139,1326,12.11
0.592206562,1.134,1313.2,11.711
0.594494977,1.176,1323.4,11.839
0.593014292,1.104,1333.6,11.665
0.592206562,1.071,1345.2,11.28
0.59333096,1.054,1336.4,11.49
0.59407117,1.065,1342.1,11.25
0.596196268,1.062,1335.9,10.903
0.595699053,1.03,1345.4,11.07
0.59477785,1.017,1346.6,10.615
0.599232982,0.967,1338.3,10.57
0.599268892,1.014,1331.4,10.841
0.598909984,1.004,1327.4,10.918
0.597800096,0.986,1323.8,10.445
0.601793344,0.996,1310.3,10.25
0.602554832,0.987,1313.2,10.79
0.603136309,0.953,1309.9,10.813
0.603463883,0.944,1316.7,11.42
0.603172688,0.908,1308.8,11.389
0.604594921,0.886,1323.4,11.658
0.603245461,0.888,1319.6,11.951
0.602918124,0.884,1320.2,11.828
0.60244593,0.93,1297.8,12
0.602155717,0.958,1302.3,11.624
0.607164542,0.965,1295.7,11.9
0.607459604,0.934,1299.5,11.999
0.612257393,0.943,1286.4,12.2
0.612482391,1.002,1278.3,11.93
0.620925179,1,1280.4,12.22
0.620886626,1.05,1272.5,12.24
0.616788996,1.086,1260.1,11.926
0.615195325,1.069,1264.7,11.74
0.614703713,1.065,1267.4,11.69
0.616029077,1.055,1260.1,11.53
0.614363826,1.087,1257.3,11.336
0.614401573,1.045,1247.5,11.35
0.60971892,1.018,1248,11.685
0.613948919,1.012,1254.6,11.67
0.611209584,1.01,1248.1,11.79
0.610202587,0.979,1253.8,11.662
0.611995104,0.968,1241.4,11.88
0.612820199,0.965,1247.5,11.971
0.615498246,0.946,1238.6,12.171
0.615725633,0.906,1247.3,12.27
0.616750956,0.914,1243.9,12.266
0.617817867,0.932,1222.6,12.2
0.619463545,0.91,1238.7,12.026
0.626409421,0.906,1242,12.032
0.621735887,0.904,1250.5,12.16
0.621272366,0.904,1255.9,11.895
0.61850569,0.893,1253.9,12.198
0.62038588,0.894,1257.9,12.07
0.621967906,0.84,1264.7,11.881
0.621697233,0.767,1270.1,11.58
0.628772636,0.822,1272,11.36
0.624180763,0.864,1270,11.31
0.621581303,0.853,1270.8,10.98
0.621310966,0.873,1280.4,10.99
0.618620476,0.867,1273.8,11.02
0.620655412,0.894,1299.5,11.08
0.623014142,0.888,1298.7,10.921
0.623791404,0.875,1253.9,11.021
0.621465415,0.877,1252.6,11.05
0.620347395,0.891,1276.4,11.05
0.619924369,0.85,1265.1,11.05
0.624570608,0.847,1196.5,11.035
0.625,0.86,1229.9,10.98
0.625078135,0.812,1232.6,10.98
0.626095667,0.828,1203.6,10.98
0.624882834,0.831,1165.3,10.98
0.625899731,0.826,1240.4,11.2
0.631632137,0.827,1215.6,10.895
0.629960942,0.831,1162.8,10.82
0.63123343,0.812,1226.5,10.9
0.628180162,0.801,1226.3,10.92
0.633673405,0.791,1214.7,10.7
0.636496722,0.799,1252.2,10.65
0.638162093,0.802,1263.4,10.73
0.63934531,0.846,1248.1,10.75
0.639631572,0.8,1248.1,10.63
0.637673766,0.77,1248.1,10.64
0.637145588,0.781,1248.1,10.848
0.638773555,0.751,1248.1,11.05
0.636739892,0.734,1248.1,11.185
0.636618284,0.706,1248.1,11.56
0.633232016,0.702,1248.1,11.22
0.635485511,0.729,1248.1,11.35
0.639018468,0.747,1248.1,11.15
0.635727908,0.746,1248.1,10.7
0.639549757,0.77,1248.1,10.799
0.637511156,0.783,1248.1,10.668
0.638039941,0.717,1248.1,10.786
0.641724957,0.692,1248.1,11.197
0.638855172,0.681,1248.1,11.01
0.638121371,0.68,1248.1,11.097
0.636294222,0.626,1248.1,11.188
0.635647089,0.629,1248.1,11.101
0.636132316,0.604,1248.1,11.3
0.639508857,0.591,1248.1,11.4
0.63496095,0.614,1248.1,11.265
0.642054575,0.594,1248.1,11.649
0.638121371,0.604,1248.1,11.411
0.639713408,0.595,1248.1,11.7
0.641436818,0.595,1248.1,11.85
0.644246875,0.595,1248.1,11.75
0.642714827,0.595,1248.1,12.101
0.643583473,0.552,1248.1,12.05
0.642838776,0.541,1248.1,12.112
0.64457909,0.541,1248.1,11.888
0.642714827,0.541,1248.1,12.002
0.642054575,0.498,1248.1,12.015
0.643252284,0.513,1248.1,12.02
0.652400835,0.453,1248.1,11.826
0.655737705,0.471,1248.1,11.845
0.660022441,0.512,1248.1,11.74
0.661769572,0.481,1248.1,11.81
0.662734442,0.481,1248.1,11.861
0.659630607,0.477,1248.1,11.725
0.65915233,0.431,1248.1,12.01
0.659674121,0.475,1248.1,12.045
0.656512605,0.458,1248.1,12.565
0.658587987,0.441,1248.1,12.75
0.660022441,0.45,1248.1,12.6
0.661769572,0.519,1248.1,12.405
0.660283922,0.454,1248.1,12.47
0.660371129,0.366,1248.1,12.535
0.666222518,0.393,1248.1,12.691
0.667111408,0.386,1248.1,12.915
0.663129973,0.356,1248.1,12.85
0.65802461,0.358,1248.1,12.82
0.660720185,0.314,1248.1,12.82
0.66370213,0.314,1248.1,12.96
0.663614042,0.347,1248.1,12.85
0.664893617,0.367,1248.1,13.051
0.659326169,0.378,1248.1,13.051
0.658631364,0.374,1248.1,13.051
0.652400835,0.354,1248.1,13.184
0.655909747,0.37,1248.1,13.205
0.657246139,0.358,1248.1,13.29
0.655565753,0.325,1248.1,13.27
0.656254102,0.349,1248.1,13.155
0.64998375,0.347,1248.1,13.225
0.649392818,0.37,1248.1,13.087
0.650956907,0.383,1248.1,13.031
0.651296079,0.388,1248.1,12.62
0.647878199,0.372,1248.1,12.215
0.648802959,0.366,1248.1,12.615
0.649350649,0.374,1248.1,12.401
0.646956072,0.331,1248.1,12.71
0.647039793,0.302,1248.1,12.683
0.643956469,0.324,1248.1,12.812
0.649097754,0.355,1248.1,12.505
0.647920176,0.365,1248.1,12.19
0.650872169,0.381,1248.1,12.152
0.650999284,0.357,1248.1,12.1
0.655136268,0.4,1248.1,12.25
0.656124926,0.31,1248.1,12.11
0.665026269,0.237,1248.1,11.777
0.66098222,0.203,1248.1,11.915
0.663570007,0.249,1248.1,12.46
0.66983723,0.259,1248.1,12.33
0.671907546,0.278,1248.1,12.348
0.678241997,0.281,1248.1,12.4
0.674354306,0.195,1248.1,12.551
0.678195999,0.188,1248.1,12.64
0.667645881,0.186,1248.1,12.5
0.677874187,0.221,1248.1,12.48
0.668851582,0.235,1248.1,12.5
0.668806849,0.22,1248.1,12.585
0.67335533,0.217,1248.1,12.536
0.67199785,0.209,1248.1,12.484
0.673400673,0.214,1248.1,12.45
0.672178531,0.185,1248.1,12.317
0.675219446,0.172,1248.1,12.405
0.674854906,0.183,1248.1,12.255
0.674627268,0.183,1248.1,12.154
0.674354306,0.183,1248.1,12.077
0.670196368,0.187,1248.1,12.151
0.67199785,0.168,1248.1,12.29
0.675310643,0.159,1248.1,12.103
0.672630659,0.156,1248.1,11.97
0.679624847,0.157,1248.1,11.8
0.683480282,0.14,1248.1,11.72
0.681384573,0.109,1248.1,11.91
0.676589986,0.085,1248.1,11.805
0.673763644,0.079,1248.1,11.65
0.669568129,0.077,1248.1,11.402
0.668359845,0.103,1248.1,11.49
0.67087079,0.16,1248.1,11.373
0.669971861,0.162,1248.1,11.5
0.665070497,0.157,1248.1,11.736
0.664098818,0.164,1248.1,12.1
0.65837119,0.163,1248.1,12.11
0.656254102,0.284,1248.1,11.91
0.651975486,0.363,1248.1,12.05
0.647668394,0.363,1248.1,11.3
0.65142336,0.453,1248.1,11.475
0.660458358,0.517,1248.1,11.6
0.661375661,0.587,1248.1,11.72
0.658631364,0.596,1248.1,11.732
0.655952771,0.545,1248.1,11.47
0.655909747,0.599,1248.1,11.3
0.64699793,0.68,1248.1,10.978
0.641560275,0.72,1248.1,10.92
0.638121371,0.7,1248.1,11.35
0.635122261,0.64,1248.1,11.438
0.633874239,0.649,1248.1,11.7
0.636010939,0.613,1248.1,11.7
0.638855172,0.627,1248.1,11.92
0.644745326,0.634,1248.1,12.001
0.643624895,0.603,1248.1,12.005
0.63848806,0.603,1248.1,12.19
0.645577792,0.554,1248.1,12
0.646370629,0.547,1248.1,12.06
0.64998375,0.536,1248.1,12.09
0.651253663,0.486,1248.1,11.94
0.652911987,0.531,1248.1,11.675
0.653979465,0.697,1248.1,11.743
0.657851457,0.878,1248.1,11.75
0.651720542,0.832,1248.1,11.722
0.651847989,0.85,1248.1,11.94
0.650787453,0.89,1248.1,12.084
0.654793085,0.954,1248.1,11.955
0.651465798,0.99,1248.1,11.85
0.649941505,0.899,1248.1,11.71
0.643873543,0.852,1248.1,11.61
0.64441294,0.827,1248.1,11.631
0.642714827,0.804,1248.1,11.45
0.640984552,0.814,1248.1,11.3
0.639018468,0.805,1248.1,11.234
0.631592244,0.76,1248.1,11.1
0.629683269,0.886,1248.1,11.015
0.629564341,0.867,1248.1,10.99
0.631911532,0.844,1248.1,10.888
0.635687496,0.863,1248.1,10.16
0.636699351,0.92,1248.1,9.765
0.635041595,0.802,1248.1,9.62
0.63484002,0.77,1248.1,9.98
0.635404753,0.823,1248.1,10.199
0.636537237,0.846,1248.1,10.22
0.640286849,0.794,1248.1,10.043
0.640656032,0.771,1248.1,9.8
0.642219511,0.637,1248.1,9.78
0.64073813,0.684,1248.1,9.852
0.646746863,0.73,1248.1,9.91
0.650999284,0.894,1248.1,9.77
0.650195059,0.849,1248.1,9.88
0.644080897,0.843,1248.1,10.5
0.645619472,0.772,1248.1,10.205
0.639549757,0.792,1248.1,10.196
0.639508857,0.79,1248.1,10.225
0.64061499,0.766,1248.1,10.02
0.640656032,0.779,1248.1,10.183
0.6424258,0.746,1248.1,10.11
0.642756138,0.743,1248.1,10.086
0.640450877,0.703,1248.1,9.75
0.64457909,0.695,1248.1,9.788
0.64457909,0.692,1248.1,9.37
0.642756138,0.712,1248.1,9.43
0.640573954,0.655,1248.1,9.41
0.640861318,0.647,1248.1,9.475
0.640984552,0.634,1248.1,9.22
0.640040963,0.636,1248.1,9.445
0.641519117,0.752,1248.1,9.52
0.642549637,0.705,1248.1,9.38
0.640943469,0.659,1248.1,9.64
0.644662197,0.704,1248.1,9.759
0.645327827,0.629,1248.1,9.81
0.641560275,0.605,1248.1,9.848
0.642137032,0.634,1248.1,10.155
0.640409862,0.658,1248.1,10.195
0.640573954,0.631,1248.1,9.982
0.639140995,0.641,1248.1,9.724
0.641560275,0.633,1248.1,9.718
0.63852883,0.585,1248.1,9.794
0.637795778,0.57,1248.1,9.96
0.637429883,0.574,1248.1,10.025
0.637064407,0.752,1248.1,9.995
0.633874239,0.709,1248.1,10
0.637429883,0.741,1248.1,10.18
0.646872372,0.726,1248.1,10.305
0.649350649,0.794,1248.1,10.205
0.649645943,0.807,1248.1,10.173
0.651763019,0.796,1248.1,10.225
0.653466641,0.731,1248.1,9.979
0.653552055,0.665,1248.1,10.28
0.655436849,0.675,1248.1,10.78
0.65915233,0.682,1248.1,10.75
0.654878847,0.705,1248.1,10.71
0.649519356,0.695,1248.1,10.521
0.650702759,0.658,1248.1,10.798
0.647416807,0.658,1248.1,10.61
0.64808814,0.739,1248.1,10.539
0.648256191,0.779,1248.1,10.505
0.651805501,0.786,1248.1,10.301
0.645452785,0.665,1248.1,10.09
0.641395677,0.68,1248.1,10.358
0.643832089,0.6,1248.1,10.29
0.644828476,0.598,1248.1,10.483
0.650829808,0.592,1248.1,10.582
0.655909747,0.648,1248.1,10.515
0.656124926,0.599,1248.1,10.431
0.658674746,0.587,1248.1,10.321
0.659022011,0.59,1248.1,10.32
0.660022441,0.545,1248.1,10.357
0.66098222,0.517,1248.1,10.321
0.66098222,0.565,1248.1,10.4
0.658674746,0.601,1248.1,10.385
0.660327522,0.592,1248.1,10.2
0.65672818,0.589,1248.1,9.905
0.65282674,0.622,1248.1,10.1
0.651508242,0.581,1248.1,9.84
0.653423941,0.591,1248.1,9.532
0.651678071,0.546,1248.1,9.443
0.655780707,0.557,1248.1,9.528
0.646120049,0.549,1248.1,9.25
0.646956072,0.567,1248.1,9.139
0.647878199,0.629,1248.1,9.46
0.646579594,0.573,1248.1,9.464
0.647626449,0.502,1248.1,9.46
0.64855049,0.508,1248.1,9.385
0.649603742,0.5,1248.1,9.459
0.652997257,0.444,1248.1,9.462
0.651465798,0.445,1248.1,9.64
0.65376569,0.537,1248.1,9.64
0.655265055,0.525,1248.1,9.645
0.653125204,0.56,1248.1,9.64
0.648130145,0.575,1248.1,9.65
0.6486767,0.604,1248.1,9.598
0.648466377,0.609,1248.1,9.598
0.650068257,0.697,1248.1,9.4
0.657635144,0.667,1248.1,9.386
0.664451827,0.626,1248.1,9.324
0.661594443,0.614,1248.1,9.049
0.661506913,0.607,1248.1,8.947
0.657375756,0.562,1248.1,8.659
0.656555709,0.533,1248.1,8.7
0.656469507,0.531,1248.1,8.789
0.657938022,0.509,1248.1,8.555
0.657289339,0.48,1248.1,8.4
0.656297171,0.48,1248.1,8.18
0.654022237,0.534,1248.1,8.049
0.65824118,0.512,1248.1,7.72
0.661157025,0.476,1248.1,7.5
0.662822297,0.471,1248.1,7.75
0.661025912,0.455,1248.1,7.94
0.662163952,0.475,1248.1,7.425
0.665026269,0.469,1248.1,7.68
0.664187035,0.468,1248.1,7.58
0.663086002,0.664,1248.1,7.535
0.668851582,0.688,1248.1,7.54
0.660240327,0.586,1248.1,7.466
0.661725781,0.571,1248.1,7.039
0.664319405,0.606,1248.1,7.085
0.666311301,0.571,1248.1,7.15
0.658718135,0.542,1248.1,7.385
0.659674121,0.563,1248.1,6.6
0.657159756,0.651,1248.1,6.439
0.66041474,0.68,1248.1,6.745
0.665114732,0.601,1248.1,7.09
0.666488936,0.551,1248.1,7.94
0.6710959,0.554,1248.1,7.568
0.671411307,0.597,1248.1,7.35
0.671817266,0.628,1248.1,7.534
0.674536256,0.628,1248.1,7.422
0.672404519,0.628,1248.1,7.39
0.670376081,0.556,1248.1,7.44
0.669657805,0.634,1248.1,7.341
0.672178531,0.634,1248.1,7.17
0.675128274,0.634,1248.1,7.299
0.674946004,0.634,1248.1,7.35
0.678472081,0.564,1248.1,7.458
0.678058042,0.547,1248.1,7.71
0.679486308,0.513,1248.1,7.96
0.681570338,0.545,1248.1,8.059
0.683667191,0.509,1248.1,8.215
0.684088111,0.543,1248.1,8.12
0.688705234,0.531,1248.1,8.038
0.687568757,0.507,1248.1,8.1
0.692328995,0.507,1248.1,8.12
0.694107031,0.472,1248.1,8.499
0.693769946,0.47,1248.1,8.469
0.70136064,0.483,1248.1,8.389
0.702049986,0.488,1248.1,8.335
0.706314451,0.454,1248.1,8.094
0.704671975,0.486,1248.1,8.2
0.703333802,0.477,1248.1,8.13
0.701016474,0.443,1248.1,8.026
0.701803635,0.444,1248.1,7.888
0.696767001,0.406,1248.1,7.79
0.702592567,0.335,1248.1,7.79
0.696281855,0.36,1248.1,7.82
0.701902155,0.314,1248.1,7.67
0.692856648,0.276,1248.1,7.699
0.693962526,0.307,1248.1,7.62
0.684743906,0.301,1248.1,7.67
0.68544794,0.225,1248.1,7.619
0.689512515,0.239,1248.1,7.398
0.692904656,0.248,1248.1,7.507
0.690941754,0.177,1248.1,7.32
0.688610384,0.265,1248.1,7.52
0.690750846,0.24,1248.1,7.755
0.689322396,0.262,1248.1,7.815
0.692760651,0.275,1248.1,8.32
0.699056274,0.214,1248.1,8.354
0.699447437,0.206,1248.1,8.24
0.697495989,0.18,1248.1,8.555
0.694155213,0.185,1248.1,8.495
0.706713781,0.149,1248.1,8.15
0.713165026,0.137,1248.1,8.241
0.718029726,0.146,1248.1,8.35
0.716178472,0.109,1248.1,8.18
0.720980534,0.149,1248.1,8.279
0.718597298,0.213,1248.1,8.31
0.716948666,0.173,1248.1,8.33
0.710328172,0.24,1248.1,8.189
0.705268355,0.218,1248.1,7.976
0.702888873,0.179,1248.1,7.397
0.701016474,0.238,1248.1,7.168
0.703432752,0.297,1248.1,7
0.703333802,0.28,1248.1,7.18
0.700280112,0.279,1248.1,7.075
0.69507194,0.317,1248.1,7.085
0.699202909,0.31,1248.1,7.035
0.706563979,0.233,1248.1,6.934
0.701262272,0.218,1248.1,6.991
0.690655432,0.23,1248.1,7.037
0.690560044,0.211,1248.1,7.01
0.696039535,0.199,1248.1,7.18
0.703828829,0.179,1248.1,7.35
0.7083658,0.179,1248.1,7.345
0.70651406,0.179,1248.1,7.309
0.707063565,0.141,1248.1,7.53
0.701557458,0.164,1248.1,7.76
0.695168578,0.155,1248.1,7.791
0.695507025,0.145,1248.1,7.869
0.696281855,0.128,1248.1,7.829
0.702938282,0.105,1248.1,7.65
0.701114772,0.116,1248.1,7.59
0.706164819,0.088,1248.1,7.599
0.708165144,0.097,1248.1,7.38
0.711389343,0.117,1248.1,7.37
0.707914484,0.16,1248.1,7.399
0.702197879,0.137,1248.1,7.27
0.700525394,0.164,1248.1,7.09
0.704076604,0.134,1248.1,6.759
0.70651406,0.168,1248.1,6.521
0.704473406,0.178,1248.1,6.449
0.700378204,0.15,1248.1,6.35
0.694782186,0.232,1248.1,6.38
0.697690644,0.232,1248.1,6.74
0.698177756,0.269,1248.1,6.759
0.694299799,0.301,1248.1,6.835
0.69051236,0.289,1248.1,6.92
0.685776985,0.249,1248.1,5.71
0.687616035,0.28,1248.1,6.22
0.684462697,0.275,1248.1,6.06
0.684322179,0.197,1248.1,6.065
0.681523887,0.203,1248.1,5.899
0.688041833,0.163,1248.1,5.965
0.690035882,0.146,1248.1,5.9
0.69032169,0.13,1248.1,5.71
0.693000693,0.123,1248.1,5.55
0.694107031,0.126,1248.1,5.46
0.69247282,0.154,1248.1,5.399
